id,type,source,target,dataset
relationship--00b9e63b-57a7-408e-83d6-fc03535010a6,uses,campaign--46421788-b6e1-4256-b351-f8beffd1afba,attack-pattern--8d2f3bab-507c-4424-b58b-edc977bd215c,ics
relationship--00e6c22b-9275-4039-b6d4-2ac0680325d6,mitigates,course-of-action--aadac250-bcdc-44e3-a4ae-f52bd0a7a16a,attack-pattern--25dfc8ad-bd73-4dfd-84a9-3c3d383f76e9,ics
relationship--01b4a92f-da42-4dfa-8d59-53709b65940e,mitigates,course-of-action--e57ebc6d-785f-40c8-adb1-b5b5e09b3b48,attack-pattern--063b5b92-5361-481a-9c3f-95492ed9a2d8,ics
relationship--028a3bcc-f299-4061-a0f2-8da85e0a3c81,mitigates,course-of-action--72e46e53-e12d-4106-9c70-33241b6ed549,attack-pattern--be69c571-d746-4b1f-bdd0-c0c9817e9068,ics
relationship--03a9cdc7-3cc5-43e3-9a9c-97d1c4310e35,mitigates,course-of-action--66cfe23e-34b6-4583-b178-ed6a412db2b0,attack-pattern--e5de767e-f513-41cd-aa15-33f6ce5fbf92,ics
relationship--03b4dae7-3b20-4ea9-9f7c-6c97582f98b7,uses,campaign--45a98f02-852f-49b2-94c0-c63207bebbbf,attack-pattern--9a505987-ab05-4f46-a9a6-6441442eec3b,ics
relationship--03d44496-7a15-4e23-820f-b6f1079dbbd3,mitigates,course-of-action--97f33c84-8508-45b9-8a1d-cac921828c9e,attack-pattern--5e0f75da-e108-4688-a6de-a4f07cc2cbe3,ics
relationship--03e80e3c-28b9-4e7f-8b17-7c86d1483b91,mitigates,course-of-action--9f99fcfd-772e-4e63-9d39-e45612e546dc,attack-pattern--fa3aa267-da22-4bdd-961f-03223322a8d5,ics
relationship--042243fd-bfe0-4961-96de-a36232d3ff74,uses,intrusion-set--1c63d4ec-0a75-4daa-b1df-0d11af3d3cc1,attack-pattern--7830cfcf-b268-4ac0-a69e-73c6affbae9a,ics
relationship--04882fef-2a6b-40d0-a101-da9c76a3572e,mitigates,course-of-action--2ab9fc6d-3cf6-4d7b-85f1-3ad6949233b3,attack-pattern--ab390887-afc0-4715-826d-b1b167d522ae,ics
relationship--0491ef92-2941-4841-9fe6-2e1809788b52,mitigates,course-of-action--bcf91ebc-f316-4e19-b2f6-444e9940c697,attack-pattern--5e0f75da-e108-4688-a6de-a4f07cc2cbe3,ics
relationship--04bf72de-75ba-4d95-ad24-f93ad835180c,uses,malware--e221eb77-1502-4129-af1d-fe1ad55e7ec6,attack-pattern--138979ba-0430-4de6-a128-2fc0b056ba36,ics
relationship--04fa6b94-d633-40ff-9ab2-88f58c07c3e1,mitigates,course-of-action--bcf91ebc-f316-4e19-b2f6-444e9940c697,attack-pattern--b9160e77-ea9e-4ba9-b1c8-53a3c466b13d,ics
relationship--058396ca-3af4-444b-b261-74485c47e68c,uses,malware--2eaa5319-5e1e-4dd7-bbc4-566fced3964a,attack-pattern--85a45294-08f1-4539-bf00-7da08aa7b0ee,ics
relationship--064dfd6f-db5d-48e8-b350-9dd47a270911,uses,malware--d3aa1058-b1b3-4c29-a3ba-9a9b90ccd93b,attack-pattern--25852363-5968-4673-b81d-341d5ed90bd1,ics
relationship--067932c3-0011-4ca2-9bbe-721c631e4e41,uses,malware--083bb47b-02c8-4423-81a2-f9ef58572974,attack-pattern--2fedbe69-581f-447d-8a78-32ee7db939a9,ics
relationship--06c663f8-fcf1-47eb-ab79-284e93eafa6b,mitigates,course-of-action--72e46e53-e12d-4106-9c70-33241b6ed549,attack-pattern--3067b85e-271e-4bc5-81ad-ab1a81d411e3,ics
relationship--07c0e166-f05e-413f-8f3e-f487317c9626,mitigates,course-of-action--1cbcceef-3233-4062-aa86-ec91afe39517,attack-pattern--40b300ba-f553-48bf-862e-9471b220d455,ics
relationship--07f4d65d-4572-450f-8cb2-908fee97bd67,mitigates,course-of-action--4fa717d9-cabe-47c8-8cdd-86e9e2e37f30,attack-pattern--2736b752-4ec5-4421-a230-8977dea7649c,ics
relationship--08302021-aacf-428f-a0ce-e1034d925fb0,mitigates,course-of-action--d48b79b2-076d-483e-949c-0d38aa347499,attack-pattern--9f947a1c-3860-48a8-8af0-a2dfa3efde03,ics
relationship--088580e9-ccea-426e-9411-c1de60de650d,mitigates,course-of-action--72e46e53-e12d-4106-9c70-33241b6ed549,attack-pattern--8535b71e-3c12-4258-a4ab-40257a1becc4,ics
relationship--09977105-562f-4f45-a151-27a11a18031e,mitigates,course-of-action--9f99fcfd-772e-4e63-9d39-e45612e546dc,attack-pattern--efbf7888-f61b-4572-9c80-7e2965c60707,ics
relationship--0a5d2136-e1f5-4a54-be64-a558f918bf0d,mitigates,course-of-action--66cfe23e-34b6-4583-b178-ed6a412db2b0,attack-pattern--e6c31185-8040-4267-83d3-b217b8a92f07,ics
relationship--0beb0088-3bea-4612-b2d9-ff9988f829ae,uses,intrusion-set--fbd29c89-18ba-4c2d-b792-51c0adee049f,attack-pattern--c5e3cdbc-0387-4be9-8f83-ff5c0865f377,ics
relationship--0c1fe5fc-3bdc-4d0e-94a0-6564f2ce4444,uses,malware--2eaa5319-5e1e-4dd7-bbc4-566fced3964a,attack-pattern--7830cfcf-b268-4ac0-a69e-73c6affbae9a,ics
relationship--0c284ce0-0be2-4164-b686-7c383b246aec,mitigates,course-of-action--8ac1d6e1-b07f-476a-9732-84984ebc2405,attack-pattern--efbf7888-f61b-4572-9c80-7e2965c60707,ics
relationship--0c9ed09d-4ce3-4e65-845a-c21dcc5d956f,mitigates,course-of-action--b11cad63-ef30-4eb8-af0d-6cc46eef3f3e,attack-pattern--008b8f56-6107-48be-aa9f-746f927dbb61,ics
relationship--0d4f2f88-e176-42c7-8258-52b345045662,uses,malware--d3aa1058-b1b3-4c29-a3ba-9a9b90ccd93b,attack-pattern--e076cca8-2f08-45c9-aff7-ea5ac798b387,ics
relationship--0d563cbc-b22c-4748-b082-db98bb7f0dab,uses,malware--b34df04a-9d30-4d84-a03f-0d536ee19a05,attack-pattern--097924ce-a9a9-4039-8591-e0deedfb8722,ics
relationship--0df0cb6d-0067-48b2-a33e-495415713ab7,mitigates,course-of-action--c7257b6e-4159-4771-b1f3-2bb93adaecac,attack-pattern--3067b85e-271e-4bc5-81ad-ab1a81d411e3,ics
relationship--0e29f62d-4ffc-47ec-9623-72f874fbe905,uses,malware--088f1d6e-0783-47c6-9923-9c79b2af43d4,attack-pattern--ba203963-3182-41ac-af14-7e7ebc83cd61,ics
relationship--0e4f272b-d744-4feb-9f3f-c24c3598538f,mitigates,course-of-action--3222a807-521b-4a1a-aa13-f1cda45734b3,attack-pattern--063b5b92-5361-481a-9c3f-95492ed9a2d8,ics
relationship--0eb112f6-c1cb-4843-93f5-f668aa0e9bd8,uses,intrusion-set--190242d7-73fc-4738-af68-20162f7a5aae,attack-pattern--cd2c76a4-5e23-4ca5-9c40-d5e0604f7101,ics
relationship--0f18b876-b698-4f70-aa98-50e8b5a7eae2,uses,intrusion-set--fbd29c89-18ba-4c2d-b792-51c0adee049f,attack-pattern--648f995e-9c3a-41e4-aeee-98bb41037426,ics
relationship--0f8a6c14-1050-404a-bb6e-4fe107d5b6cd,mitigates,course-of-action--72e46e53-e12d-4106-9c70-33241b6ed549,attack-pattern--b14395bd-5419-4ef4-9bd8-696936f509bb,ics
relationship--0ff88ef7-44fd-4307-b381-2e0bc76ce83b,mitigates,course-of-action--1e7ccfc0-94c8-496e-8d27-032120892291,attack-pattern--e076cca8-2f08-45c9-aff7-ea5ac798b387,ics
relationship--0ffdee1a-1e83-4506-aba2-38c55812abb3,mitigates,course-of-action--da44255d-85c5-492c-baf3-ee823d44f848,attack-pattern--5fa00fdd-4a55-4191-94a0-564181d7fec2,ics
relationship--104b4f25-d0a9-41f6-94b3-fa85ee8b1523,mitigates,course-of-action--3992ce42-43e9-4bea-b8db-a102ec3ec1e3,attack-pattern--cd2c76a4-5e23-4ca5-9c40-d5e0604f7101,ics
relationship--10626671-941d-4a82-a835-56059058ef87,mitigates,course-of-action--aadac250-bcdc-44e3-a4ae-f52bd0a7a16a,attack-pattern--19a71d1e-6334-4233-8260-b749cae37953,ics
relationship--107d9a23-991b-44f5-97f6-7f6983c7013a,mitigates,course-of-action--72e46e53-e12d-4106-9c70-33241b6ed549,attack-pattern--2aa406ed-81c3-4c1d-ba83-cfbee5a2847a,ics
relationship--111f437a-c67d-40e4-9515-7e9b22e65eff,mitigates,course-of-action--622fe4d4-0e8e-4d17-9c25-6c9cef1f15d5,attack-pattern--cd2c76a4-5e23-4ca5-9c40-d5e0604f7101,ics
relationship--11e4eb54-b0b3-4f67-a93f-28cc10df00ab,uses,malware--00e7d565-9883-4ee5-b642-8fd17fd6a3f5,attack-pattern--063b5b92-5361-481a-9c3f-95492ed9a2d8,ics
relationship--129a4d3f-fa4a-42c3-833e-8f15155b9693,uses,intrusion-set--381fcf73-60f6-4ab2-9991-6af3cbc35192,malware--2eaa5319-5e1e-4dd7-bbc4-566fced3964a,ics
relationship--12a6c5bc-c685-4249-b8c6-e6d49aa2b9ed,mitigates,course-of-action--c7257b6e-4159-4771-b1f3-2bb93adaecac,attack-pattern--2883c520-7957-46ca-89bd-dab1ad53b601,ics
relationship--12e84466-fb05-4d55-9220-5933ee0fcb43,uses,campaign--1169ff24-b35f-4d8d-8cf3-643a2834227f,malware--b34df04a-9d30-4d84-a03f-0d536ee19a05,ics
relationship--13809e98-1d74-4c39-b882-9d523c76cbde,uses,malware--80099a91-4c86-4bea-9ccb-dac55d61960e,attack-pattern--b52870cc-83f3-473c-b895-72d91751030b,ics
relationship--139bb9e7-e5fd-4366-b2e6-4f74a73ec984,mitigates,course-of-action--52c7a1a9-3a78-4528-a44f-cd7b0fa3541a,attack-pattern--3f1f4ccb-9be2-4ff8-8f69-dd972221169b,ics
relationship--13d76624-7049-45c5-94d3-8f172b7f6336,uses,campaign--46421788-b6e1-4256-b351-f8beffd1afba,attack-pattern--d67adac8-e3b9-44f9-9e6d-6c2a7d69dbe4,ics
relationship--147c2158-b2af-4d88-9d59-594c67a9200e,mitigates,course-of-action--c7257b6e-4159-4771-b1f3-2bb93adaecac,attack-pattern--8535b71e-3c12-4258-a4ab-40257a1becc4,ics
relationship--1673b2e2-7799-4b5f-b5a9-2c51426a6916,uses,campaign--8fda050f-470d-4401-994e-35c1a6c301de,attack-pattern--b5b9bacb-97f2-4249-b804-47fd44de1f95,ics
relationship--172e0537-7a9c-4610-9b07-32a841f0bd8d,uses,malware--68dca94f-c11d-421e-9287-7c501108e18c,attack-pattern--fa3aa267-da22-4bdd-961f-03223322a8d5,ics
relationship--17ae41a5-cb45-4935-bec1-ea0c8bfb2f34,mitigates,course-of-action--469b78dd-a54d-4f7c-8c3b-4a1dd916b433,attack-pattern--53a48c74-0025-45f4-b04a-baa853df8204,ics
relationship--17fdec71-98e8-4314-a1be-037edede58bd,mitigates,course-of-action--66cfe23e-34b6-4583-b178-ed6a412db2b0,attack-pattern--b9160e77-ea9e-4ba9-b1c8-53a3c466b13d,ics
relationship--18ab56e8-79ce-481d-9ab4-e558fbfb5ac5,uses,campaign--8fda050f-470d-4401-994e-35c1a6c301de,attack-pattern--1b22b676-9347-4c55-9a35-ef0dc653db5b,ics
relationship--18ef2d69-d11a-4d31-a803-da989c4073f7,mitigates,course-of-action--b11cad63-ef30-4eb8-af0d-6cc46eef3f3e,attack-pattern--56ddc820-6cfb-407f-850b-52c035d123ac,ics
relationship--19ab6776-42de-48af-975a-568d31a3bb66,mitigates,course-of-action--1e7ccfc0-94c8-496e-8d27-032120892291,attack-pattern--e5de767e-f513-41cd-aa15-33f6ce5fbf92,ics
relationship--19c0d2bc-8de9-47c3-a1ee-63abc07c4348,uses,malware--d3aa1058-b1b3-4c29-a3ba-9a9b90ccd93b,attack-pattern--40b300ba-f553-48bf-862e-9471b220d455,ics
relationship--1a40cec9-47c3-404e-b039-b7ae83ffaf68,mitigates,course-of-action--97f33c84-8508-45b9-8a1d-cac921828c9e,attack-pattern--7830cfcf-b268-4ac0-a69e-73c6affbae9a,ics
relationship--1aa02c37-973e-46bd-ab45-609463e514e9,mitigates,course-of-action--143b4398-3222-480a-b6a4-e131bc2d3144,attack-pattern--2736b752-4ec5-4421-a230-8977dea7649c,ics
relationship--1acc3a43-2961-4e4c-a237-f426a2df6be5,uses,campaign--8fda050f-470d-4401-994e-35c1a6c301de,attack-pattern--8bb4538f-f16f-49f0-a431-70b5444c7349,ics
relationship--1b36c370-6e82-4c2f-936d-a6fe8aafc73d,uses,malware--931e2489-8078-4f9f-85b2-a9211950e75b,attack-pattern--f8df6b57-14bc-425f-9a91-6f59f6799307,ics
relationship--1c3d966a-5995-48ed-919d-25b972010fe9,mitigates,course-of-action--bcf91ebc-f316-4e19-b2f6-444e9940c697,attack-pattern--be69c571-d746-4b1f-bdd0-c0c9817e9068,ics
relationship--1c831708-28c2-47ae-a158-39f1f7b73406,uses,malware--e401d4fe-f0c9-44f0-98e6-f93487678808,attack-pattern--d5a69cfb-fc2a-46cb-99eb-74b236db5061,ics
relationship--1d35c947-447f-4693-9ab0-32dff56e664e,uses,malware--088f1d6e-0783-47c6-9923-9c79b2af43d4,attack-pattern--2fedbe69-581f-447d-8a78-32ee7db939a9,ics
relationship--1dad5efc-395f-4b92-8f4f-3e987a4d5e57,uses,campaign--46421788-b6e1-4256-b351-f8beffd1afba,malware--e221eb77-1502-4129-af1d-fe1ad55e7ec6,ics
relationship--1dc35f79-0ada-4342-bd13-10d10c1b0335,uses,malware--00e7d565-9883-4ee5-b642-8fd17fd6a3f5,attack-pattern--ea0c980c-5cf0-43a7-a049-59c4c207566e,ics
relationship--1f785984-791e-4612-be32-9ee6903a9c0b,uses,malware--d3aa1058-b1b3-4c29-a3ba-9a9b90ccd93b,attack-pattern--c9a8d958-fcdb-40d2-af4c-461c8031651a,ics
relationship--1f87378c-49fb-4da5-8ed3-3672633d3713,mitigates,course-of-action--de0bc375-50e1-4e26-a342-a8ff8c9d3037,attack-pattern--85a45294-08f1-4539-bf00-7da08aa7b0ee,ics
relationship--1f8abf6f-0dd0-4449-b555-733fe7296177,uses,malware--80099a91-4c86-4bea-9ccb-dac55d61960e,attack-pattern--be69c571-d746-4b1f-bdd0-c0c9817e9068,ics
relationship--1fc147bd-d6ab-4beb-908b-0fbe8e125b76,mitigates,course-of-action--e57ebc6d-785f-40c8-adb1-b5b5e09b3b48,attack-pattern--cd2c76a4-5e23-4ca5-9c40-d5e0604f7101,ics
relationship--1fd4cf4e-a26c-4fe5-a7fd-f49b8aea8437,uses,malware--ac61f1f9-7bb1-465e-9b8a-c2ce8e88baf5,attack-pattern--2736b752-4ec5-4421-a230-8977dea7649c,ics
relationship--206cc4c8-797e-427b-86f1-4c81df391c6e,mitigates,course-of-action--1e7ccfc0-94c8-496e-8d27-032120892291,attack-pattern--40b300ba-f553-48bf-862e-9471b220d455,ics
relationship--2087b2b9-3b30-45be-abcd-4320bf0fa66b,uses,malware--6a0d0ea9-b2c4-43fe-a552-ac41a3009dc5,attack-pattern--8e7089d3-fba2-44f8-94a8-9a79c53920c4,ics
relationship--2089201c-c1c6-4d92-a737-a6499e26ee7f,mitigates,course-of-action--b11cad63-ef30-4eb8-af0d-6cc46eef3f3e,attack-pattern--e33c7ecc-5a38-497f-beb2-a9a2049a4c20,ics
relationship--20a0d820-59ef-42fc-9f56-7a93d1ce7a84,mitigates,course-of-action--6a02e38a-9629-40c0-8c7d-e98e3470315c,attack-pattern--d67adac8-e3b9-44f9-9e6d-6c2a7d69dbe4,ics
relationship--20f66fab-7a08-4707-ac79-92dac5acd11d,uses,malware--4dcff507-5af8-47ce-964a-8d9569e9ccfe,attack-pattern--09a61657-46e1-439e-b3ed-3e4556a78243,ics
relationship--21041206-da58-45c7-adb0-db07caebdcb6,uses,malware--4dcff507-5af8-47ce-964a-8d9569e9ccfe,attack-pattern--b52870cc-83f3-473c-b895-72d91751030b,ics
relationship--21b6ec9c-8779-49db-bf19-90e81893a6e4,mitigates,course-of-action--f9fcb3ec-6de0-4559-8cd9-ef1c0c7d1971,attack-pattern--493832d9-cea6-4b63-abe7-9a65a6473675,ics
relationship--220140ac-d927-4d86-9335-c04aa6ee3c61,mitigates,course-of-action--1e7ccfc0-94c8-496e-8d27-032120892291,attack-pattern--8d2f3bab-507c-4424-b58b-edc977bd215c,ics
relationship--22448288-32d9-4d2c-be16-0784e119fff1,mitigates,course-of-action--66cfe23e-34b6-4583-b178-ed6a412db2b0,attack-pattern--2883c520-7957-46ca-89bd-dab1ad53b601,ics
relationship--228b9a13-0545-4ecf-99ff-be02addaf7fe,uses,malware--a4a98eab-b691-45d9-8c48-869ef8fefd57,attack-pattern--b7e13ee8-182c-4f19-92a4-a88d7d855d54,ics
relationship--234da455-b795-4788-bc5d-22b4b58b2dc7,mitigates,course-of-action--c7257b6e-4159-4771-b1f3-2bb93adaecac,attack-pattern--b9160e77-ea9e-4ba9-b1c8-53a3c466b13d,ics
relationship--238f967a-0c29-4aa3-bbb5-3dc593473bbf,mitigates,course-of-action--49363b74-d506-4342-bd63-320586ebadb9,attack-pattern--9f947a1c-3860-48a8-8af0-a2dfa3efde03,ics
relationship--242b5a0d-e4e8-4ceb-a975-cf8efd64e981,mitigates,course-of-action--8bc4a54e-810c-4600-8b6c-08fa8413a401,attack-pattern--5fa00fdd-4a55-4191-94a0-564181d7fec2,ics
relationship--243ad7b2-546c-4bf2-a3c0-1438b13e197d,mitigates,course-of-action--e0d38502-decb-481d-ad8b-b8f0a0c330bd,attack-pattern--25852363-5968-4673-b81d-341d5ed90bd1,ics
relationship--245c8c36-28e5-4508-a585-7768cb33299a,uses,campaign--70cab19e-1745-425e-b3db-c02cd5ff157a,attack-pattern--8d2f3bab-507c-4424-b58b-edc977bd215c,ics
relationship--24885921-734f-46c1-85d7-3f79e0b886d6,uses,campaign--46421788-b6e1-4256-b351-f8beffd1afba,attack-pattern--b9160e77-ea9e-4ba9-b1c8-53a3c466b13d,ics
relationship--25ddb2e0-b945-45d2-a8a9-6e6d5c4401d3,uses,malware--ff6840c9-4c87-4d07-bbb6-9f50aa33d498,attack-pattern--fa3aa267-da22-4bdd-961f-03223322a8d5,ics
relationship--25e7ca82-2784-433a-90a9-a3483615a655,uses,intrusion-set--c93fccb1-e8e8-42cf-ae33-2ad1d183913a,malware--75ecdbf1-c2bb-4afc-a3f9-c8da4de8c661,ics
relationship--268b9429-b1c6-4bc3-84cf-8512e8ef57a7,uses,campaign--70cab19e-1745-425e-b3db-c02cd5ff157a,attack-pattern--e5de767e-f513-41cd-aa15-33f6ce5fbf92,ics
relationship--26d68f5d-6ee5-4d98-b175-943366ccc038,uses,intrusion-set--381fcf73-60f6-4ab2-9991-6af3cbc35192,attack-pattern--24a9253e-8948-4c98-b751-8e2aee53127c,ics
relationship--26e58427-a2bd-4e77-9939-16ef60a072e7,mitigates,course-of-action--72e46e53-e12d-4106-9c70-33241b6ed549,attack-pattern--efbf7888-f61b-4572-9c80-7e2965c60707,ics
relationship--26fdd07e-d194-4f8e-a9af-d5b2f1d0222e,mitigates,course-of-action--622fe4d4-0e8e-4d17-9c25-6c9cef1f15d5,attack-pattern--38213338-1aab-479d-949b-c81b66ccca5c,ics
relationship--274994e7-1fe9-463a-9979-46c72107bf9b,uses,malware--a4a98eab-b691-45d9-8c48-869ef8fefd57,attack-pattern--fa3aa267-da22-4bdd-961f-03223322a8d5,ics
relationship--276aa6a6-e700-470a-8f72-02537ba7be9d,mitigates,course-of-action--86b455f2-fb63-4043-93a8-32a3a7703a02,attack-pattern--8d2f3bab-507c-4424-b58b-edc977bd215c,ics
relationship--2867f491-919b-463f-b689-bb3ceb7ae99f,uses,malware--d3aa1058-b1b3-4c29-a3ba-9a9b90ccd93b,attack-pattern--e1f9cdd2-9511-4fca-90d7-f3e92cfdd0bf,ics
relationship--28afd84d-a53e-4b2f-9bee-133f7da6982a,uses,malware--088f1d6e-0783-47c6-9923-9c79b2af43d4,attack-pattern--53a48c74-0025-45f4-b04a-baa853df8204,ics
relationship--2971151c-0e8a-4567-84dc-01cf5dd35005,mitigates,course-of-action--71eb7dad-07eb-4bbc-9df0-ac57bf2fba4a,attack-pattern--3b6b9246-43f8-4c69-ad7a-2b11cfe0a0d9,ics
relationship--2b62e4c0-9267-47bd-8f4d-0394b13fb566,mitigates,course-of-action--469b78dd-a54d-4f7c-8c3b-4a1dd916b433,attack-pattern--b0628bfc-5376-4a38-9182-f324501cb4cf,ics
relationship--2c8dd182-e0a1-469d-aa65-7a1f734d9b46,mitigates,course-of-action--b11cad63-ef30-4eb8-af0d-6cc46eef3f3e,attack-pattern--3f1f4ccb-9be2-4ff8-8f69-dd972221169b,ics
relationship--2cd79563-0f5a-44a1-9be4-6dc330855d64,mitigates,course-of-action--aadac250-bcdc-44e3-a4ae-f52bd0a7a16a,attack-pattern--e5de767e-f513-41cd-aa15-33f6ce5fbf92,ics
relationship--2daeeaaa-5b4b-4bb7-a94d-78a5749027ca,mitigates,course-of-action--49b306c1-a046-42c5-a4d2-30f264ada110,attack-pattern--8d2f3bab-507c-4424-b58b-edc977bd215c,ics
relationship--2e5f338d-92c4-4647-8fef-7c901ff774f5,mitigates,course-of-action--f9fcb3ec-6de0-4559-8cd9-ef1c0c7d1971,attack-pattern--b7e13ee8-182c-4f19-92a4-a88d7d855d54,ics
relationship--2ecc567f-3aaa-4bd8-935f-4808d177a552,mitigates,course-of-action--aadac250-bcdc-44e3-a4ae-f52bd0a7a16a,attack-pattern--25852363-5968-4673-b81d-341d5ed90bd1,ics
relationship--2f0d1a71-7cb6-4979-b072-a859d117d47f,uses,campaign--46421788-b6e1-4256-b351-f8beffd1afba,attack-pattern--cd2c76a4-5e23-4ca5-9c40-d5e0604f7101,ics
relationship--2f64b5aa-7e4d-4a5e-9960-69a63ad25083,mitigates,course-of-action--4fa717d9-cabe-47c8-8cdd-86e9e2e37f30,attack-pattern--2dc2b567-8821-49f9-9045-8740f3d0b958,ics
relationship--2f6b635b-1441-4ef0-9289-1ed6b9098d4a,mitigates,course-of-action--fce6866f-9a87-4d3e-a73c-f02d8937fe0e,attack-pattern--0fe075d5-beac-4d02-b93e-0f874997db72,ics
relationship--2fbb7867-79c5-4d45-9876-98c4041dd72e,mitigates,course-of-action--9f99fcfd-772e-4e63-9d39-e45612e546dc,attack-pattern--35392fb4-a31d-4c6a-b9f2-1c65b7f5e6b9,ics
relationship--2fd13fc0-e3f0-4099-ab20-d19ba6bcd4e0,uses,malware--088f1d6e-0783-47c6-9923-9c79b2af43d4,attack-pattern--2d0d40ad-22fa-4cc8-b264-072557e1364b,ics
relationship--2ff82993-5010-4450-89e7-341f449f3263,mitigates,course-of-action--bcf91ebc-f316-4e19-b2f6-444e9940c697,attack-pattern--3405891b-16aa-4bd7-bd7c-733501f9b20f,ics
relationship--2fffbea8-c031-4de8-a451-447bbbe3e224,mitigates,course-of-action--059ba11e-e3dc-49aa-84ca-88197f40d4ea,attack-pattern--2dc2b567-8821-49f9-9045-8740f3d0b958,ics
relationship--309e4558-e591-4d03-9bb9-07d30acf011f,uses,malware--ac61f1f9-7bb1-465e-9b8a-c2ce8e88baf5,attack-pattern--063b5b92-5361-481a-9c3f-95492ed9a2d8,ics
relationship--31897c41-1d47-4a34-b531-21c3f74651a8,uses,malware--4dcff507-5af8-47ce-964a-8d9569e9ccfe,attack-pattern--be69c571-d746-4b1f-bdd0-c0c9817e9068,ics
relationship--31bf1721-78a2-4b6c-b325-5c44dc02ea33,uses,intrusion-set--c93fccb1-e8e8-42cf-ae33-2ad1d183913a,attack-pattern--648f995e-9c3a-41e4-aeee-98bb41037426,ics
relationship--327916f7-fe5d-4858-adeb-f72f74c60c25,uses,malware--088f1d6e-0783-47c6-9923-9c79b2af43d4,attack-pattern--ead7bd34-186e-4c79-9a4d-b65bcce6ed9d,ics
relationship--33215dfa-53d0-4bd7-a15d-cec9315c7c4d,mitigates,course-of-action--1e7ccfc0-94c8-496e-8d27-032120892291,attack-pattern--f8df6b57-14bc-425f-9a91-6f59f6799307,ics
relationship--33486e89-f0f4-4507-9f13-48a8f22c8ac8,mitigates,course-of-action--5d97c693-e054-48ba-a3a3-eaf6942dfb65,attack-pattern--8bb4538f-f16f-49f0-a431-70b5444c7349,ics
relationship--337f366d-3d76-470c-8ee2-0e2252648282,mitigates,course-of-action--4fa717d9-cabe-47c8-8cdd-86e9e2e37f30,attack-pattern--1c5cf58c-a34a-40d7-82f4-f987cdfc2b91,ics
relationship--3478c49c-594b-4224-b7f9-2b0b09c67288,mitigates,course-of-action--7f153c28-e5f1-4764-88fb-eea1d9b0ad4a,attack-pattern--0fe075d5-beac-4d02-b93e-0f874997db72,ics
relationship--34ac1b1b-1103-4fc9-a62e-f1dd1451b28b,mitigates,course-of-action--bcf91ebc-f316-4e19-b2f6-444e9940c697,attack-pattern--fc5fda7e-6b2c-4457-b036-759896a2efa2,ics
relationship--34d4101b-b4c9-4ea3-a84d-81e84e7f5033,mitigates,course-of-action--1e7ccfc0-94c8-496e-8d27-032120892291,attack-pattern--38213338-1aab-479d-949b-c81b66ccca5c,ics
relationship--350814da-5c36-42f9-8e58-8f9534e6ce0a,uses,malware--80099a91-4c86-4bea-9ccb-dac55d61960e,attack-pattern--ba203963-3182-41ac-af14-7e7ebc83cd61,ics
relationship--351e19c4-c16e-493a-9800-a433107aacf1,uses,malware--80099a91-4c86-4bea-9ccb-dac55d61960e,attack-pattern--d5a69cfb-fc2a-46cb-99eb-74b236db5061,ics
relationship--352ed52c-88ba-4731-a917-4c33da0f29d4,uses,campaign--46421788-b6e1-4256-b351-f8beffd1afba,attack-pattern--e1f9cdd2-9511-4fca-90d7-f3e92cfdd0bf,ics
relationship--35cf6922-d48f-42ea-b7f5-f0258892bd52,mitigates,course-of-action--1e7ccfc0-94c8-496e-8d27-032120892291,attack-pattern--9a505987-ab05-4f46-a9a6-6441442eec3b,ics
relationship--3618a010-b94b-4974-b1be-7630d5c853c1,uses,intrusion-set--4ca1929c-7d64-4aab-b849-badbfc0c760d,attack-pattern--648f995e-9c3a-41e4-aeee-98bb41037426,ics
relationship--366a4cd1-aa95-4985-9d80-b45a2551e298,mitigates,course-of-action--11f242bc-3121-438c-84b2-5cbd46a4bb17,attack-pattern--be69c571-d746-4b1f-bdd0-c0c9817e9068,ics
relationship--383e242a-72d4-4b40-8905-888595c34919,uses,malware--a020a61c-423f-4195-8c46-ba1d21abba37,attack-pattern--63b6942d-8359-4506-bfb3-cf87aa8120ee,ics
relationship--3a04717f-b74c-4096-b031-ee7115fdc3c9,uses,campaign--45a98f02-852f-49b2-94c0-c63207bebbbf,attack-pattern--24a9253e-8948-4c98-b751-8e2aee53127c,ics
relationship--3a6cd53d-0d4e-4cf8-8edf-f9ebde4faac4,mitigates,course-of-action--66cfe23e-34b6-4583-b178-ed6a412db2b0,attack-pattern--25dfc8ad-bd73-4dfd-84a9-3c3d383f76e9,ics
relationship--3a7d1db3-9383-4171-8938-382e9b0375c6,uses,malware--54cc1d4f-5c53-4f0e-9ef5-11b4998e82e4,attack-pattern--e076cca8-2f08-45c9-aff7-ea5ac798b387,ics
relationship--3ab912a4-70aa-45f8-b2ef-57113dde2cfa,mitigates,course-of-action--c7257b6e-4159-4771-b1f3-2bb93adaecac,attack-pattern--2877063e-1851-48d2-bcc6-bc1d2733157e,ics
relationship--3b6567a9-6213-4db4-a069-1a86b1098b63,mitigates,course-of-action--49363b74-d506-4342-bd63-320586ebadb9,attack-pattern--cfe68e93-ce94-4c0f-a57d-3aa72cedd618,ics
relationship--3be8045a-1f0d-4460-a76b-ae830e74c1e0,uses,malware--e401d4fe-f0c9-44f0-98e6-f93487678808,attack-pattern--24a9253e-8948-4c98-b751-8e2aee53127c,ics
relationship--3be9d4d1-17e1-4f3e-b22a-edad8cf0c343,mitigates,course-of-action--71eb7dad-07eb-4bbc-9df0-ac57bf2fba4a,attack-pattern--b9160e77-ea9e-4ba9-b1c8-53a3c466b13d,ics
relationship--3d005ed8-77d3-4fed-9dd5-7e39ba8cb50a,uses,malware--088f1d6e-0783-47c6-9923-9c79b2af43d4,attack-pattern--b52870cc-83f3-473c-b895-72d91751030b,ics
relationship--3d676c1b-2650-4599-8a57-790c55f9977d,mitigates,course-of-action--4fa717d9-cabe-47c8-8cdd-86e9e2e37f30,attack-pattern--5a2610f6-9fff-41e1-bc27-575ca20383d4,ics
relationship--3da977ab-c863-4e6f-a5b7-68173160da00,mitigates,course-of-action--11f242bc-3121-438c-84b2-5cbd46a4bb17,attack-pattern--efbf7888-f61b-4572-9c80-7e2965c60707,ics
relationship--3db8d8d2-89bb-4241-afeb-9b9332aac78e,uses,campaign--45a98f02-852f-49b2-94c0-c63207bebbbf,attack-pattern--2dc2b567-8821-49f9-9045-8740f3d0b958,ics
relationship--3dde2b07-7c30-4a18-a9df-f85db84f9b14,mitigates,course-of-action--aadac250-bcdc-44e3-a4ae-f52bd0a7a16a,attack-pattern--b9160e77-ea9e-4ba9-b1c8-53a3c466b13d,ics
relationship--3ed98d8c-de30-499e-9a62-eae0207519f4,mitigates,course-of-action--3992ce42-43e9-4bea-b8db-a102ec3ec1e3,attack-pattern--8bb4538f-f16f-49f0-a431-70b5444c7349,ics
relationship--3f261739-b6ec-4a86-94a3-146929f9facf,uses,campaign--1169ff24-b35f-4d8d-8cf3-643a2834227f,attack-pattern--097924ce-a9a9-4039-8591-e0deedfb8722,ics
relationship--3f335e8f-68da-4b06-9d96-f371ddaf23e6,mitigates,course-of-action--72e46e53-e12d-4106-9c70-33241b6ed549,attack-pattern--2877063e-1851-48d2-bcc6-bc1d2733157e,ics
relationship--3f76d408-be8a-478e-8a5a-aab1d1f96572,uses,malware--083bb47b-02c8-4423-81a2-f9ef58572974,attack-pattern--d5a69cfb-fc2a-46cb-99eb-74b236db5061,ics
relationship--3fb86696-1d56-42d5-a73d-044a78b588fe,uses,campaign--46421788-b6e1-4256-b351-f8beffd1afba,attack-pattern--1c478716-71d9-46a4-9a53-fa5d576adb60,ics
relationship--40479f3e-d4d2-45f8-893f-f8a4fcf1613c,uses,malware--d3aa1058-b1b3-4c29-a3ba-9a9b90ccd93b,attack-pattern--d67adac8-e3b9-44f9-9e6d-6c2a7d69dbe4,ics
relationship--41adaf0b-b7ae-4bdb-9a5b-567fd0911d7a,mitigates,course-of-action--c7257b6e-4159-4771-b1f3-2bb93adaecac,attack-pattern--4c2e1408-9d68-4187-8e6b-a77bc52700ec,ics
relationship--41b87fd8-6e4d-4e53-a282-c85292fdaa22,mitigates,course-of-action--7f153c28-e5f1-4764-88fb-eea1d9b0ad4a,attack-pattern--efbf7888-f61b-4572-9c80-7e2965c60707,ics
relationship--4211c12a-57cf-4ebb-910a-6af7aa09cf34,mitigates,course-of-action--72e46e53-e12d-4106-9c70-33241b6ed549,attack-pattern--e1f9cdd2-9511-4fca-90d7-f3e92cfdd0bf,ics
relationship--423271c0-04dc-42d0-8e27-fb0b6067e096,uses,campaign--46421788-b6e1-4256-b351-f8beffd1afba,attack-pattern--63b6942d-8359-4506-bfb3-cf87aa8120ee,ics
relationship--4256a0c2-437d-4a4c-88ac-d08d3041b8c1,mitigates,course-of-action--aadac250-bcdc-44e3-a4ae-f52bd0a7a16a,attack-pattern--be69c571-d746-4b1f-bdd0-c0c9817e9068,ics
relationship--42ab7d24-8286-4a7a-8cd7-02e54a80e13f,mitigates,course-of-action--f9fcb3ec-6de0-4559-8cd9-ef1c0c7d1971,attack-pattern--e72425f8-9ae6-41d3-bfdb-e1b865e60722,ics
relationship--433539bf-cb17-4de1-9c0f-e579b041514f,uses,malware--e401d4fe-f0c9-44f0-98e6-f93487678808,attack-pattern--d67adac8-e3b9-44f9-9e6d-6c2a7d69dbe4,ics
relationship--4369da69-bb09-4cc8-8600-081a450f50e0,mitigates,course-of-action--d0909119-2f71-4923-87db-b649881672d7,attack-pattern--85a45294-08f1-4539-bf00-7da08aa7b0ee,ics
relationship--43b11545-3b70-4284-a369-bed7a0de4fd0,uses,campaign--df8eb785-70f8-4300-b444-277ba849083d,attack-pattern--2dc2b567-8821-49f9-9045-8740f3d0b958,ics
relationship--43bdf580-b98f-49cf-92d5-3dac50450c86,mitigates,course-of-action--7f153c28-e5f1-4764-88fb-eea1d9b0ad4a,attack-pattern--b9160e77-ea9e-4ba9-b1c8-53a3c466b13d,ics
relationship--446c95ea-5178-4ae9-8f92-cb20dd50f7de,mitigates,course-of-action--4fa717d9-cabe-47c8-8cdd-86e9e2e37f30,attack-pattern--b52870cc-83f3-473c-b895-72d91751030b,ics
relationship--44c857cf-7a4e-405a-87ca-7f6d79000589,mitigates,course-of-action--ad12819e-3211-4291-b360-069f280cff0a,attack-pattern--e33c7ecc-5a38-497f-beb2-a9a2049a4c20,ics
relationship--45ee1822-71e4-4d92-976d-306561b70555,mitigates,course-of-action--1e7ccfc0-94c8-496e-8d27-032120892291,attack-pattern--25dfc8ad-bd73-4dfd-84a9-3c3d383f76e9,ics
relationship--461e81a2-c7ad-499e-908d-05ef2f7bd9cd,mitigates,course-of-action--aadac250-bcdc-44e3-a4ae-f52bd0a7a16a,attack-pattern--8e7089d3-fba2-44f8-94a8-9a79c53920c4,ics
relationship--46332a77-2fd6-4033-96cf-6163172775ec,mitigates,course-of-action--71eb7dad-07eb-4bbc-9df0-ac57bf2fba4a,attack-pattern--efbf7888-f61b-4572-9c80-7e2965c60707,ics
relationship--4653847b-c089-4435-9159-6f76353833f7,mitigates,course-of-action--e0d38502-decb-481d-ad8b-b8f0a0c330bd,attack-pattern--09a61657-46e1-439e-b3ed-3e4556a78243,ics
relationship--46bc86e4-e20b-4778-80d2-8891039e6fb4,uses,malware--5af7a825-2d9f-400d-931a-e00eb9e27f48,attack-pattern--63b6942d-8359-4506-bfb3-cf87aa8120ee,ics
relationship--47f15a06-8675-4698-833d-bd141ed9e755,mitigates,course-of-action--49363b74-d506-4342-bd63-320586ebadb9,attack-pattern--85a45294-08f1-4539-bf00-7da08aa7b0ee,ics
relationship--48489baf-56c2-423e-964a-0a61688e4a19,mitigates,course-of-action--11f242bc-3121-438c-84b2-5cbd46a4bb17,attack-pattern--40b300ba-f553-48bf-862e-9471b220d455,ics
relationship--491455dc-f7c8-4e12-811b-b8c5c041b4c3,mitigates,course-of-action--c7257b6e-4159-4771-b1f3-2bb93adaecac,attack-pattern--25dfc8ad-bd73-4dfd-84a9-3c3d383f76e9,ics
relationship--4966e63c-ca05-466d-91f9-41d799a54471,mitigates,course-of-action--e0d38502-decb-481d-ad8b-b8f0a0c330bd,attack-pattern--e1f9cdd2-9511-4fca-90d7-f3e92cfdd0bf,ics
relationship--49966e16-04a2-4fd7-86cd-aa934040a9d8,uses,campaign--aa73efef-1418-4dbe-b43c-87a498e97234,attack-pattern--ead7bd34-186e-4c79-9a4d-b65bcce6ed9d,ics
relationship--49d38b21-5ce5-48d9-a356-639fc6c7a53d,mitigates,course-of-action--66cfe23e-34b6-4583-b178-ed6a412db2b0,attack-pattern--2aa406ed-81c3-4c1d-ba83-cfbee5a2847a,ics
relationship--4b98b72c-a093-4917-a21b-a0b4f388e98e,uses,campaign--aa73efef-1418-4dbe-b43c-87a498e97234,attack-pattern--e1f9cdd2-9511-4fca-90d7-f3e92cfdd0bf,ics
relationship--4dd93fd2-6e6d-4c50-a091-6d6ea6903f1e,uses,malware--d3aa1058-b1b3-4c29-a3ba-9a9b90ccd93b,attack-pattern--097924ce-a9a9-4039-8591-e0deedfb8722,ics
relationship--4f83cc15-274d-44c6-859f-e598e362e76e,uses,campaign--46421788-b6e1-4256-b351-f8beffd1afba,attack-pattern--1af9e3fd-2bcc-414d-adbd-fe3b95c02ca1,ics
relationship--502a0b7e-048a-468a-b888-e91fde47c6eb,mitigates,course-of-action--1e7ccfc0-94c8-496e-8d27-032120892291,attack-pattern--e1f9cdd2-9511-4fca-90d7-f3e92cfdd0bf,ics
relationship--5041e17d-6349-4589-8c61-7b43964b5f9b,mitigates,course-of-action--bcf91ebc-f316-4e19-b2f6-444e9940c697,attack-pattern--35392fb4-a31d-4c6a-b9f2-1c65b7f5e6b9,ics
relationship--50a2b289-7bce-405d-8515-c2b5424cce5c,mitigates,course-of-action--9f99fcfd-772e-4e63-9d39-e45612e546dc,attack-pattern--3405891b-16aa-4bd7-bd7c-733501f9b20f,ics
relationship--50b3247a-ea71-455e-b299-f00666c05146,uses,malware--088f1d6e-0783-47c6-9923-9c79b2af43d4,attack-pattern--097924ce-a9a9-4039-8591-e0deedfb8722,ics
relationship--50c20664-75dc-451e-b026-67b1d309e4b5,uses,malware--e401d4fe-f0c9-44f0-98e6-f93487678808,attack-pattern--1b22b676-9347-4c55-9a35-ef0dc653db5b,ics
relationship--51eb15a3-48af-470f-94c0-10f25b366d72,uses,malware--d3aa1058-b1b3-4c29-a3ba-9a9b90ccd93b,attack-pattern--2883c520-7957-46ca-89bd-dab1ad53b601,ics
relationship--51eca7b9-6330-48a8-badd-65ed3e9d3639,mitigates,course-of-action--1e7ccfc0-94c8-496e-8d27-032120892291,attack-pattern--1c478716-71d9-46a4-9a53-fa5d576adb60,ics
relationship--51f9963c-c041-4bec-b482-5fda2fb5bca4,uses,malware--58eddbaf-7416-419a-ad7b-e65b9d4c3b55,attack-pattern--63b6942d-8359-4506-bfb3-cf87aa8120ee,ics
relationship--520aad6a-2483-45bc-a172-2417137f6ca0,mitigates,course-of-action--b11cad63-ef30-4eb8-af0d-6cc46eef3f3e,attack-pattern--1af9e3fd-2bcc-414d-adbd-fe3b95c02ca1,ics
relationship--5212f36b-216f-4e32-8b64-3b4c94dfada5,mitigates,course-of-action--5d97c693-e054-48ba-a3a3-eaf6942dfb65,attack-pattern--e1f9cdd2-9511-4fca-90d7-f3e92cfdd0bf,ics
relationship--52855d5d-e835-470f-a675-751c2779c861,mitigates,course-of-action--b11cad63-ef30-4eb8-af0d-6cc46eef3f3e,attack-pattern--9a505987-ab05-4f46-a9a6-6441442eec3b,ics
relationship--52c7176b-431d-44a6-8c03-7c15a8cf6ce1,mitigates,course-of-action--b11cad63-ef30-4eb8-af0d-6cc46eef3f3e,attack-pattern--b5b9bacb-97f2-4249-b804-47fd44de1f95,ics
relationship--531e0589-0dad-444d-aca4-6198ba5d9fcd,mitigates,course-of-action--1e7ccfc0-94c8-496e-8d27-032120892291,attack-pattern--8535b71e-3c12-4258-a4ab-40257a1becc4,ics
relationship--533bd747-2567-4c53-a10b-938734f8aeab,uses,campaign--45a98f02-852f-49b2-94c0-c63207bebbbf,malware--80099a91-4c86-4bea-9ccb-dac55d61960e,ics
relationship--535c5160-17e0-44eb-9f4b-1a8e216b56a2,uses,malware--4dcff507-5af8-47ce-964a-8d9569e9ccfe,attack-pattern--1b22b676-9347-4c55-9a35-ef0dc653db5b,ics
relationship--53a54e4a-2b38-4b0c-8f60-252a68767443,uses,malware--088f1d6e-0783-47c6-9923-9c79b2af43d4,attack-pattern--ab390887-afc0-4715-826d-b1b167d522ae,ics
relationship--53af6987-21bb-46fd-bf85-e3eeaa74de1a,mitigates,course-of-action--5d97c693-e054-48ba-a3a3-eaf6942dfb65,attack-pattern--fab8fc7d-f27f-4fbb-9de6-44740aade05f,ics
relationship--5424e327-396f-4b07-94a3-408ffc915686,uses,intrusion-set--190242d7-73fc-4738-af68-20162f7a5aae,attack-pattern--c5e3cdbc-0387-4be9-8f83-ff5c0865f377,ics
relationship--54a977df-ca85-43b2-b2bc-96fdcd23aa9b,uses,malware--6a0d0ea9-b2c4-43fe-a552-ac41a3009dc5,attack-pattern--063b5b92-5361-481a-9c3f-95492ed9a2d8,ics
relationship--56672ea4-cbf0-4a3e-8aed-edcc7d33133b,mitigates,course-of-action--1e7ccfc0-94c8-496e-8d27-032120892291,attack-pattern--8e7089d3-fba2-44f8-94a8-9a79c53920c4,ics
relationship--56dcc2d7-5243-4a5d-a556-8723642e98a4,uses,malware--80099a91-4c86-4bea-9ccb-dac55d61960e,attack-pattern--53a26eee-1080-4d17-9762-2027d5a1b805,ics
relationship--5714c88f-ca54-46b6-b072-cd1d24714ae0,mitigates,course-of-action--3992ce42-43e9-4bea-b8db-a102ec3ec1e3,attack-pattern--c9a8d958-fcdb-40d2-af4c-461c8031651a,ics
relationship--57510758-786a-4f0a-aab2-101eaf4e7b9f,uses,campaign--46421788-b6e1-4256-b351-f8beffd1afba,attack-pattern--008b8f56-6107-48be-aa9f-746f927dbb61,ics
relationship--575f0e0b-d68d-432b-abb3-cbd3e641fc88,mitigates,course-of-action--11f242bc-3121-438c-84b2-5cbd46a4bb17,attack-pattern--b14395bd-5419-4ef4-9bd8-696936f509bb,ics
relationship--578117b2-0f4b-4d75-a2dc-3ee45976e616,mitigates,course-of-action--ad12819e-3211-4291-b360-069f280cff0a,attack-pattern--1af9e3fd-2bcc-414d-adbd-fe3b95c02ca1,ics
relationship--57e8711a-9aae-4a22-94d4-f4c8a3a8f141,uses,campaign--aa73efef-1418-4dbe-b43c-87a498e97234,malware--e401d4fe-f0c9-44f0-98e6-f93487678808,ics
relationship--5804ae3d-0daf-47a5-b026-d42878f55803,mitigates,course-of-action--469b78dd-a54d-4f7c-8c3b-4a1dd916b433,attack-pattern--2d0d40ad-22fa-4cc8-b264-072557e1364b,ics
relationship--58269882-7e8d-4d24-b7a3-dbef6196cb61,mitigates,course-of-action--aadac250-bcdc-44e3-a4ae-f52bd0a7a16a,attack-pattern--83ebd22f-b401-4d59-8219-2294172cf916,ics
relationship--58a0fd57-ea5f-46b0-84ac-c5b963fb7e94,mitigates,course-of-action--ddf3e568-f065-49e2-9106-42029a28ddbd,attack-pattern--38213338-1aab-479d-949b-c81b66ccca5c,ics
relationship--58cb4cb5-4b0f-4ce0-b3f9-5deb9de31c52,mitigates,course-of-action--b11cad63-ef30-4eb8-af0d-6cc46eef3f3e,attack-pattern--4c2e1408-9d68-4187-8e6b-a77bc52700ec,ics
relationship--590bdd67-31ef-4edd-b2ac-2bd1b98da19c,mitigates,course-of-action--d0909119-2f71-4923-87db-b649881672d7,attack-pattern--2dc2b567-8821-49f9-9045-8740f3d0b958,ics
relationship--5914a482-dbb7-429d-96f3-77f0588ac12d,mitigates,course-of-action--d48b79b2-076d-483e-949c-0d38aa347499,attack-pattern--85a45294-08f1-4539-bf00-7da08aa7b0ee,ics
relationship--591620d3-5549-49db-9080-43f86a68a590,uses,malware--80099a91-4c86-4bea-9ccb-dac55d61960e,attack-pattern--cfe68e93-ce94-4c0f-a57d-3aa72cedd618,ics
relationship--59cb471f-ad8b-464f-ab8f-c267f329b0dc,uses,campaign--70cab19e-1745-425e-b3db-c02cd5ff157a,attack-pattern--35392fb4-a31d-4c6a-b9f2-1c65b7f5e6b9,ics
relationship--5ae1cf3a-2603-4bf9-ace3-5b1ee5d8d757,mitigates,course-of-action--e0d38502-decb-481d-ad8b-b8f0a0c330bd,attack-pattern--3067b85e-271e-4bc5-81ad-ab1a81d411e3,ics
relationship--5b701c8d-374a-4a6b-a695-b5c7a747ceb2,uses,malware--b34df04a-9d30-4d84-a03f-0d536ee19a05,attack-pattern--2d0d40ad-22fa-4cc8-b264-072557e1364b,ics
relationship--5bb313a8-8407-4ec1-a4b0-683ded7f3302,uses,malware--083bb47b-02c8-4423-81a2-f9ef58572974,attack-pattern--2736b752-4ec5-4421-a230-8977dea7649c,ics
relationship--5be1f2b1-75fd-4e7e-901b-495cee4ab5ad,mitigates,course-of-action--3172222b-4983-43f7-8983-753ded4f13bc,attack-pattern--e076cca8-2f08-45c9-aff7-ea5ac798b387,ics
relationship--5beda54d-cd1f-491b-a85e-d7618a0683ad,uses,campaign--45a98f02-852f-49b2-94c0-c63207bebbbf,attack-pattern--63b6942d-8359-4506-bfb3-cf87aa8120ee,ics
relationship--5bf8473c-3c60-4a8a-8514-c2b50ab8a92d,mitigates,course-of-action--bcf91ebc-f316-4e19-b2f6-444e9940c697,attack-pattern--097924ce-a9a9-4039-8591-e0deedfb8722,ics
relationship--5c0bdf4c-233f-42cd-8900-2a5cc8c9387c,uses,malware--4dcff507-5af8-47ce-964a-8d9569e9ccfe,attack-pattern--d5a69cfb-fc2a-46cb-99eb-74b236db5061,ics
relationship--5c8c8976-2cac-4185-9719-ef55c1032d6a,uses,malware--b34df04a-9d30-4d84-a03f-0d536ee19a05,attack-pattern--e076cca8-2f08-45c9-aff7-ea5ac798b387,ics
relationship--5ca1d677-b41f-4f1e-b86b-f5637a418829,mitigates,course-of-action--3992ce42-43e9-4bea-b8db-a102ec3ec1e3,attack-pattern--3067b85e-271e-4bc5-81ad-ab1a81d411e3,ics
relationship--5d0a7979-0420-4fd1-b5ad-cb5565cbdf9d,mitigates,course-of-action--98aa0d61-fc9d-4b2d-8f18-b25d03549f53,attack-pattern--1b22b676-9347-4c55-9a35-ef0dc653db5b,ics
relationship--5d33de22-35b0-47fa-bc63-f984522340b7,mitigates,course-of-action--52c7a1a9-3a78-4528-a44f-cd7b0fa3541a,attack-pattern--2900bbd8-308a-4274-b074-5b8bde8347bc,ics
relationship--5d4f6aff-650c-45fe-a9d8-2080d3ea02d7,mitigates,course-of-action--72e46e53-e12d-4106-9c70-33241b6ed549,attack-pattern--e5de767e-f513-41cd-aa15-33f6ce5fbf92,ics
relationship--5de6bf53-0a02-439b-a8d0-248fa9640a36,mitigates,course-of-action--bcf91ebc-f316-4e19-b2f6-444e9940c697,attack-pattern--3b6b9246-43f8-4c69-ad7a-2b11cfe0a0d9,ics
relationship--5dfa5bad-8b0b-4884-bf01-04ea89e3ccf7,mitigates,course-of-action--11f242bc-3121-438c-84b2-5cbd46a4bb17,attack-pattern--cd2c76a4-5e23-4ca5-9c40-d5e0604f7101,ics
relationship--5e099568-fb5c-4f58-af7e-4e1b7a9d1128,uses,malware--ac61f1f9-7bb1-465e-9b8a-c2ce8e88baf5,attack-pattern--ba203963-3182-41ac-af14-7e7ebc83cd61,ics
relationship--5f03ee5d-534c-454c-aae3-b41130b00286,mitigates,course-of-action--059ba11e-e3dc-49aa-84ca-88197f40d4ea,attack-pattern--cfe68e93-ce94-4c0f-a57d-3aa72cedd618,ics
relationship--5f5c38f6-aa3e-4447-a2d3-a76830ab36b0,mitigates,course-of-action--66cfe23e-34b6-4583-b178-ed6a412db2b0,attack-pattern--09a61657-46e1-439e-b3ed-3e4556a78243,ics
relationship--604a9bf0-81a3-425b-9005-779c4f0f749d,mitigates,course-of-action--9a945a29-5233-4422-a9e3-3e957b0e8bce,attack-pattern--c267bbee-bb59-47fe-85e0-3ed210337c21,ics
relationship--61668e93-6d9d-418d-9fbd-2d88c3a66544,mitigates,course-of-action--1e7ccfc0-94c8-496e-8d27-032120892291,attack-pattern--b14395bd-5419-4ef4-9bd8-696936f509bb,ics
relationship--61869a8e-d6da-478a-b770-47f97beae8b4,uses,intrusion-set--381fcf73-60f6-4ab2-9991-6af3cbc35192,malware--6108f800-10b8-4090-944e-be579f01263d,ics
relationship--6258c355-677c-452d-b1fc-27767232437b,uses,malware--5719af9d-6b16-46f9-9b28-fb019541ddbb,attack-pattern--ead7bd34-186e-4c79-9a4d-b65bcce6ed9d,ics
relationship--62e818b8-38e6-42ff-9424-9a327332eb2a,uses,malware--e401d4fe-f0c9-44f0-98e6-f93487678808,attack-pattern--2fedbe69-581f-447d-8a78-32ee7db939a9,ics
relationship--63323b12-86db-4b91-a701-90daf3f98f7c,mitigates,course-of-action--1e7ccfc0-94c8-496e-8d27-032120892291,attack-pattern--85a45294-08f1-4539-bf00-7da08aa7b0ee,ics
relationship--63453d2f-30f6-40ab-b32c-506d940ecd20,mitigates,course-of-action--66cfe23e-34b6-4583-b178-ed6a412db2b0,attack-pattern--19a71d1e-6334-4233-8260-b749cae37953,ics
relationship--63ca148e-12c9-4090-b51e-a8fb7a847a2a,uses,malware--80099a91-4c86-4bea-9ccb-dac55d61960e,attack-pattern--09a61657-46e1-439e-b3ed-3e4556a78243,ics
relationship--642cae89-bb5c-46f3-9fea-8d747b930c35,uses,campaign--70cab19e-1745-425e-b3db-c02cd5ff157a,attack-pattern--83ebd22f-b401-4d59-8219-2294172cf916,ics
relationship--648c6649-5861-4b43-a7e5-a9665bafb576,uses,malware--e401d4fe-f0c9-44f0-98e6-f93487678808,attack-pattern--3f1f4ccb-9be2-4ff8-8f69-dd972221169b,ics
relationship--64db6a39-64d2-4999-97d7-91c28c32f42e,mitigates,course-of-action--11f242bc-3121-438c-84b2-5cbd46a4bb17,attack-pattern--2aa406ed-81c3-4c1d-ba83-cfbee5a2847a,ics
relationship--652a68a2-a26b-4e8c-86dd-fd83187ed043,mitigates,course-of-action--aadac250-bcdc-44e3-a4ae-f52bd0a7a16a,attack-pattern--b14395bd-5419-4ef4-9bd8-696936f509bb,ics
relationship--6573327e-3757-424e-8570-04ffe7d5d0e2,uses,campaign--46421788-b6e1-4256-b351-f8beffd1afba,attack-pattern--e6c31185-8040-4267-83d3-b217b8a92f07,ics
relationship--65a45501-10de-46a2-89bf-03bbf17aba33,mitigates,course-of-action--bcf91ebc-f316-4e19-b2f6-444e9940c697,attack-pattern--efbf7888-f61b-4572-9c80-7e2965c60707,ics
relationship--65adbdda-7069-40ed-9825-b79ec87e4916,uses,intrusion-set--3753cc21-2dae-4dfb-8481-d004e74502cc,malware--ac61f1f9-7bb1-465e-9b8a-c2ce8e88baf5,ics
relationship--6603a100-d655-4e6b-8d38-73c11b89dde4,uses,malware--5719af9d-6b16-46f9-9b28-fb019541ddbb,attack-pattern--85a45294-08f1-4539-bf00-7da08aa7b0ee,ics
relationship--6637d8e6-6578-4d15-a993-d63ced4c4464,mitigates,course-of-action--3992ce42-43e9-4bea-b8db-a102ec3ec1e3,attack-pattern--2aa406ed-81c3-4c1d-ba83-cfbee5a2847a,ics
relationship--665587ee-1524-4334-9580-2b448c417542,uses,malware--6a0d0ea9-b2c4-43fe-a552-ac41a3009dc5,attack-pattern--097924ce-a9a9-4039-8591-e0deedfb8722,ics
relationship--6681bc38-0b55-4714-b690-c609956b40bf,uses,malware--d3aa1058-b1b3-4c29-a3ba-9a9b90ccd93b,attack-pattern--cd2c76a4-5e23-4ca5-9c40-d5e0604f7101,ics
relationship--668f8c4b-225a-4287-ac5b-7717a4f75b5d,uses,campaign--70cab19e-1745-425e-b3db-c02cd5ff157a,attack-pattern--097924ce-a9a9-4039-8591-e0deedfb8722,ics
relationship--66af47d7-c430-4ac9-8020-fd79b7059037,uses,malware--d3aa1058-b1b3-4c29-a3ba-9a9b90ccd93b,attack-pattern--d5a69cfb-fc2a-46cb-99eb-74b236db5061,ics
relationship--66eb9d6f-498b-4a9a-94d3-fe808460bb68,uses,malware--931e2489-8078-4f9f-85b2-a9211950e75b,attack-pattern--8d2f3bab-507c-4424-b58b-edc977bd215c,ics
relationship--66f79019-d52c-46a6-b605-c2335d1d3d20,uses,malware--e401d4fe-f0c9-44f0-98e6-f93487678808,attack-pattern--063b5b92-5361-481a-9c3f-95492ed9a2d8,ics
relationship--671043a9-337f-411a-9ca9-3112e897ab09,mitigates,course-of-action--1e7ccfc0-94c8-496e-8d27-032120892291,attack-pattern--3067b85e-271e-4bc5-81ad-ab1a81d411e3,ics
relationship--679e7b8d-57d7-4c1d-8f42-1496606ea666,uses,intrusion-set--190242d7-73fc-4738-af68-20162f7a5aae,attack-pattern--648f995e-9c3a-41e4-aeee-98bb41037426,ics
relationship--67e11f38-9f68-4989-8de3-da65af52063e,uses,malware--6a0d0ea9-b2c4-43fe-a552-ac41a3009dc5,attack-pattern--2fedbe69-581f-447d-8a78-32ee7db939a9,ics
relationship--6833d534-9cbb-4b9f-85b6-93d3d2d6faca,mitigates,course-of-action--f9fcb3ec-6de0-4559-8cd9-ef1c0c7d1971,attack-pattern--063b5b92-5361-481a-9c3f-95492ed9a2d8,ics
relationship--686cbd74-ef49-4e77-9599-21777d3a4738,mitigates,course-of-action--11f242bc-3121-438c-84b2-5cbd46a4bb17,attack-pattern--25852363-5968-4673-b81d-341d5ed90bd1,ics
relationship--6895e54e-3968-41a9-9013-a082cd46fa44,uses,intrusion-set--dd2d9ca6-505b-4860-a604-233685b802c7,malware--a020a61c-423f-4195-8c46-ba1d21abba37,ics
relationship--68d30c45-766f-48b6-9405-0c969243332b,mitigates,course-of-action--3992ce42-43e9-4bea-b8db-a102ec3ec1e3,attack-pattern--b9160e77-ea9e-4ba9-b1c8-53a3c466b13d,ics
relationship--692324b4-064a-430c-8ffc-7f7acd537778,uses,malware--68dca94f-c11d-421e-9287-7c501108e18c,attack-pattern--3405891b-16aa-4bd7-bd7c-733501f9b20f,ics
relationship--69576d3c-d0e8-459e-9f2e-0b9c560b2e04,mitigates,course-of-action--99c746d7-a08a-4169-94f9-b8c0dad716fa,attack-pattern--b7e13ee8-182c-4f19-92a4-a88d7d855d54,ics
relationship--69889c90-e6d0-4007-9078-2bfbd7c18a91,uses,campaign--8fda050f-470d-4401-994e-35c1a6c301de,attack-pattern--138979ba-0430-4de6-a128-2fc0b056ba36,ics
relationship--698d7c50-daab-4087-a7b4-b2bc8dfd81a7,mitigates,course-of-action--bcf91ebc-f316-4e19-b2f6-444e9940c697,attack-pattern--09a61657-46e1-439e-b3ed-3e4556a78243,ics
relationship--69d19946-72fb-40ce-90fb-0757df8353b5,uses,malware--b34df04a-9d30-4d84-a03f-0d536ee19a05,attack-pattern--e6c31185-8040-4267-83d3-b217b8a92f07,ics
relationship--6a5922e1-e282-464d-9e71-ce2c2ed44908,uses,malware--6a0d0ea9-b2c4-43fe-a552-ac41a3009dc5,attack-pattern--40b300ba-f553-48bf-862e-9471b220d455,ics
relationship--6ad39b3a-a962-457f-852c-be7fc615e22f,mitigates,course-of-action--ad12819e-3211-4291-b360-069f280cff0a,attack-pattern--a81696ef-c106-482c-8f80-59c30f2569fb,ics
relationship--6b0e8f60-ecdf-4140-9741-5b50df67353c,uses,campaign--8fda050f-470d-4401-994e-35c1a6c301de,attack-pattern--f8df6b57-14bc-425f-9a91-6f59f6799307,ics
relationship--6b5d2643-b399-43aa-8ab1-7557a0446b07,mitigates,course-of-action--e0d38502-decb-481d-ad8b-b8f0a0c330bd,attack-pattern--e5de767e-f513-41cd-aa15-33f6ce5fbf92,ics
relationship--6b5fd6d8-ef70-4896-b1a4-7b6c29c3a0d4,mitigates,course-of-action--e0d38502-decb-481d-ad8b-b8f0a0c330bd,attack-pattern--25dfc8ad-bd73-4dfd-84a9-3c3d383f76e9,ics
relationship--6baa9172-04e4-416d-a009-668cda23fd5d,uses,malware--088f1d6e-0783-47c6-9923-9c79b2af43d4,attack-pattern--24a9253e-8948-4c98-b751-8e2aee53127c,ics
relationship--6be4cef2-3d54-4cd8-97df-8a8b37c03605,mitigates,course-of-action--ad12819e-3211-4291-b360-069f280cff0a,attack-pattern--493832d9-cea6-4b63-abe7-9a65a6473675,ics
relationship--6c15ec9f-2b48-419c-adc1-f989833f6187,mitigates,course-of-action--faf2b40e-5981-433f-aa46-17458e0026f7,attack-pattern--35392fb4-a31d-4c6a-b9f2-1c65b7f5e6b9,ics
relationship--6d1906b4-e815-4688-86f1-ce61d403f8c6,mitigates,course-of-action--66cfe23e-34b6-4583-b178-ed6a412db2b0,attack-pattern--e1f9cdd2-9511-4fca-90d7-f3e92cfdd0bf,ics
relationship--6d822f86-5793-403a-b176-5d533f6b81b3,uses,malware--083bb47b-02c8-4423-81a2-f9ef58572974,attack-pattern--5e0f75da-e108-4688-a6de-a4f07cc2cbe3,ics
relationship--6e329090-fc8c-4a7f-bbf9-08067ad9ebe5,uses,campaign--70cab19e-1745-425e-b3db-c02cd5ff157a,attack-pattern--8535b71e-3c12-4258-a4ab-40257a1becc4,ics
relationship--6e3c2c04-0838-4863-80a7-d73ef5ac6a64,mitigates,course-of-action--c7257b6e-4159-4771-b1f3-2bb93adaecac,attack-pattern--40b300ba-f553-48bf-862e-9471b220d455,ics
relationship--6ed07095-c23a-4676-807f-a544deaeb274,uses,malware--ac61f1f9-7bb1-465e-9b8a-c2ce8e88baf5,attack-pattern--b7e13ee8-182c-4f19-92a4-a88d7d855d54,ics
relationship--6f0384e6-73c8-4fc7-bc0c-0a8c2bfa473d,mitigates,course-of-action--aadac250-bcdc-44e3-a4ae-f52bd0a7a16a,attack-pattern--3de230d4-3e42-4041-b089-17e1128feded,ics
relationship--6f2c2043-6487-467a-bb49-e8cd2509ae9f,mitigates,course-of-action--97f33c84-8508-45b9-8a1d-cac921828c9e,attack-pattern--32632a95-6856-47b9-9ab7-fea5cd7dce00,ics
relationship--6f9e3f69-ac1c-479e-ae2d-73dd1413d4dd,uses,malware--931e2489-8078-4f9f-85b2-a9211950e75b,attack-pattern--8e7089d3-fba2-44f8-94a8-9a79c53920c4,ics
relationship--6fa3aee4-2a29-4c0f-9e61-1f7df5eccc00,uses,malware--4dcff507-5af8-47ce-964a-8d9569e9ccfe,attack-pattern--36e9f5bc-ac13-4da4-a2f4-01f4877d9004,ics
relationship--6ff846b1-9444-45f1-837a-4eeeb16bdfe7,uses,malware--6a0d0ea9-b2c4-43fe-a552-ac41a3009dc5,attack-pattern--3de230d4-3e42-4041-b089-17e1128feded,ics
relationship--7041d8e5-3b74-402a-86b3-fd59def80632,mitigates,course-of-action--f0f5c87a-a58d-440a-b3b5-ca679d98c6dd,attack-pattern--a81696ef-c106-482c-8f80-59c30f2569fb,ics
relationship--709c4e40-c5c6-405b-bc3d-0adfea40ccd4,uses,malware--80099a91-4c86-4bea-9ccb-dac55d61960e,attack-pattern--2dc2b567-8821-49f9-9045-8740f3d0b958,ics
relationship--71422483-33e4-4131-a4ec-40322d91d8a0,uses,malware--58eddbaf-7416-419a-ad7b-e65b9d4c3b55,attack-pattern--c267bbee-bb59-47fe-85e0-3ed210337c21,ics
relationship--71c9db9c-6f0c-4e33-a20a-dcd5b791a49a,mitigates,course-of-action--dc61c280-c29d-44e5-a960-c0dd1623d2ba,attack-pattern--2736b752-4ec5-4421-a230-8977dea7649c,ics
relationship--71e9230d-eec8-4ce1-bc96-9288bacc8b13,mitigates,course-of-action--72e46e53-e12d-4106-9c70-33241b6ed549,attack-pattern--9a505987-ab05-4f46-a9a6-6441442eec3b,ics
relationship--7200f777-0ddd-4c9c-a022-26d49ea524d3,uses,malware--931e2489-8078-4f9f-85b2-a9211950e75b,attack-pattern--138979ba-0430-4de6-a128-2fc0b056ba36,ics
relationship--7258c355-677c-452d-b1fc-27767232437b,uses,malware--5719af9d-6b16-46f9-9b28-fb019541ddbb,attack-pattern--63b6942d-8359-4506-bfb3-cf87aa8120ee,ics
relationship--730580d4-d68c-407f-9d09-f379e9aefc7e,uses,malware--6a0d0ea9-b2c4-43fe-a552-ac41a3009dc5,attack-pattern--2d0d40ad-22fa-4cc8-b264-072557e1364b,ics
relationship--739e7b8d-57d7-4c1d-8f42-1496606ea666,uses,intrusion-set--fbd29c89-18ba-4c2d-b792-51c0adee049f,attack-pattern--2dc2b567-8821-49f9-9045-8740f3d0b958,ics
relationship--7411b05d-209a-4907-83ce-00ab1538fbac,mitigates,course-of-action--3172222b-4983-43f7-8983-753ded4f13bc,attack-pattern--d67adac8-e3b9-44f9-9e6d-6c2a7d69dbe4,ics
relationship--74b66248-2cb6-46ea-b52c-c7d60c170f3f,uses,malware--80099a91-4c86-4bea-9ccb-dac55d61960e,attack-pattern--2883c520-7957-46ca-89bd-dab1ad53b601,ics
relationship--74ec9ce5-3155-488c-ae56-570c47a1d207,mitigates,course-of-action--52c7a1a9-3a78-4528-a44f-cd7b0fa3541a,attack-pattern--2fedbe69-581f-447d-8a78-32ee7db939a9,ics
relationship--75366cbf-e45f-4cfd-9e76-5af4dfe10766,mitigates,course-of-action--4fa717d9-cabe-47c8-8cdd-86e9e2e37f30,attack-pattern--24a9253e-8948-4c98-b751-8e2aee53127c,ics
relationship--754521fc-4306-4daa-831b-6b6fb45847e2,mitigates,course-of-action--e0d38502-decb-481d-ad8b-b8f0a0c330bd,attack-pattern--5a2610f6-9fff-41e1-bc27-575ca20383d4,ics
relationship--758d5818-f919-4a6b-9dc2-a212595a11bd,mitigates,course-of-action--72e46e53-e12d-4106-9c70-33241b6ed549,attack-pattern--19a71d1e-6334-4233-8260-b749cae37953,ics
relationship--792324b4-064a-430c-8ffc-7f7acd537778,uses,malware--68dca94f-c11d-421e-9287-7c501108e18c,attack-pattern--b7e13ee8-182c-4f19-92a4-a88d7d855d54,ics
relationship--79324bdd-cdab-4d0a-af60-af1047c1d117,mitigates,course-of-action--66cfe23e-34b6-4583-b178-ed6a412db2b0,attack-pattern--25852363-5968-4673-b81d-341d5ed90bd1,ics
relationship--798919d3-df8b-463f-b2be-4c1aa8089384,mitigates,course-of-action--1e7ccfc0-94c8-496e-8d27-032120892291,attack-pattern--35392fb4-a31d-4c6a-b9f2-1c65b7f5e6b9,ics
relationship--79d05cb2-ded0-4847-b52e-af7af421f303,uses,malware--ff6840c9-4c87-4d07-bbb6-9f50aa33d498,attack-pattern--b7e13ee8-182c-4f19-92a4-a88d7d855d54,ics
relationship--7a55fc66-0d5c-4ef6-af28-d4a4bb84381d,uses,malware--5af7a825-2d9f-400d-931a-e00eb9e27f48,attack-pattern--138979ba-0430-4de6-a128-2fc0b056ba36,ics
relationship--7aa93b40-80da-4bb6-8a7c-88e5f5e44669,mitigates,course-of-action--c7257b6e-4159-4771-b1f3-2bb93adaecac,attack-pattern--efbf7888-f61b-4572-9c80-7e2965c60707,ics
relationship--7bd6e5e4-6614-41ed-8a84-8eb633a91e07,uses,campaign--aa73efef-1418-4dbe-b43c-87a498e97234,attack-pattern--2dc2b567-8821-49f9-9045-8740f3d0b958,ics
relationship--7bfaf0ff-6d88-460f-aa32-3fb0267b4f20,mitigates,course-of-action--11f242bc-3121-438c-84b2-5cbd46a4bb17,attack-pattern--d67adac8-e3b9-44f9-9e6d-6c2a7d69dbe4,ics
relationship--7c1eee62-3307-4e25-8a20-919ccd56ec1c,uses,malware--d3aa1058-b1b3-4c29-a3ba-9a9b90ccd93b,attack-pattern--be69c571-d746-4b1f-bdd0-c0c9817e9068,ics
relationship--7c2edd6c-5189-4ba9-af3d-bdaff4a699ca,mitigates,course-of-action--d0909119-2f71-4923-87db-b649881672d7,attack-pattern--24a9253e-8948-4c98-b751-8e2aee53127c,ics
relationship--7c3b65e8-e8b7-4c3b-b27b-e216986d8976,uses,malware--e401d4fe-f0c9-44f0-98e6-f93487678808,attack-pattern--1af9e3fd-2bcc-414d-adbd-fe3b95c02ca1,ics
relationship--7c893581-c847-495a-aa93-9d98c516e1ae,uses,malware--088f1d6e-0783-47c6-9923-9c79b2af43d4,attack-pattern--be69c571-d746-4b1f-bdd0-c0c9817e9068,ics
relationship--7cd47eb6-e73a-4a0b-a62e-7e066090b804,uses,campaign--df8eb785-70f8-4300-b444-277ba849083d,attack-pattern--40b300ba-f553-48bf-862e-9471b220d455,ics
relationship--7d0ec383-4c5d-474d-9262-3f3c0d6c05b1,mitigates,course-of-action--b11cad63-ef30-4eb8-af0d-6cc46eef3f3e,attack-pattern--1c478716-71d9-46a4-9a53-fa5d576adb60,ics
relationship--7d5759cd-890e-4ec5-b92b-aba225d52960,mitigates,course-of-action--72e46e53-e12d-4106-9c70-33241b6ed549,attack-pattern--2883c520-7957-46ca-89bd-dab1ad53b601,ics
relationship--7d6c4a00-acde-40af-bf91-a4ef009cf135,mitigates,course-of-action--66cfe23e-34b6-4583-b178-ed6a412db2b0,attack-pattern--efbf7888-f61b-4572-9c80-7e2965c60707,ics
relationship--7d752615-33f0-44ed-a156-25d84f384e75,uses,campaign--46421788-b6e1-4256-b351-f8beffd1afba,attack-pattern--1b22b676-9347-4c55-9a35-ef0dc653db5b,ics
relationship--7db9687b-7099-4cb6-a040-bc32fc549a81,mitigates,course-of-action--c7257b6e-4159-4771-b1f3-2bb93adaecac,attack-pattern--b14395bd-5419-4ef4-9bd8-696936f509bb,ics
relationship--7dedeb73-ef90-4282-a635-cc37326773af,mitigates,course-of-action--3172222b-4983-43f7-8983-753ded4f13bc,attack-pattern--e6c31185-8040-4267-83d3-b217b8a92f07,ics
relationship--7fc9fbfc-ab9f-4189-bc1f-d473e9ef36b5,mitigates,course-of-action--aadac250-bcdc-44e3-a4ae-f52bd0a7a16a,attack-pattern--3f1f4ccb-9be2-4ff8-8f69-dd972221169b,ics
relationship--7fdaa9be-aecf-459f-b028-7c35dc8b6451,mitigates,course-of-action--e57ebc6d-785f-40c8-adb1-b5b5e09b3b48,attack-pattern--e5de767e-f513-41cd-aa15-33f6ce5fbf92,ics
relationship--7ff12adb-bc9a-42e5-9cbf-613b200c36dc,mitigates,course-of-action--059ba11e-e3dc-49aa-84ca-88197f40d4ea,attack-pattern--9f947a1c-3860-48a8-8af0-a2dfa3efde03,ics
relationship--808174b7-3ab0-45b5-963e-5c10dd749e3c,mitigates,course-of-action--52c7a1a9-3a78-4528-a44f-cd7b0fa3541a,attack-pattern--9a505987-ab05-4f46-a9a6-6441442eec3b,ics
relationship--808c57e7-72ef-4860-b9ea-8ea072e2385a,mitigates,course-of-action--c7257b6e-4159-4771-b1f3-2bb93adaecac,attack-pattern--2aa406ed-81c3-4c1d-ba83-cfbee5a2847a,ics
relationship--80a69b56-337d-446a-8167-8b9f63083c4f,uses,malware--d3aa1058-b1b3-4c29-a3ba-9a9b90ccd93b,attack-pattern--2fedbe69-581f-447d-8a78-32ee7db939a9,ics
relationship--81352e47-4317-45e3-88b9-a97dd2166727,uses,campaign--45a98f02-852f-49b2-94c0-c63207bebbbf,attack-pattern--be69c571-d746-4b1f-bdd0-c0c9817e9068,ics
relationship--81ca994a-b350-424d-8f39-a0b64aa76260,mitigates,course-of-action--dc61c280-c29d-44e5-a960-c0dd1623d2ba,attack-pattern--648f995e-9c3a-41e4-aeee-98bb41037426,ics
relationship--82b20c35-88c6-49aa-8241-a59512b17b74,uses,malware--088f1d6e-0783-47c6-9923-9c79b2af43d4,attack-pattern--c267bbee-bb59-47fe-85e0-3ed210337c21,ics
relationship--83c29179-4805-403a-acf5-5151c4d2e556,uses,malware--e401d4fe-f0c9-44f0-98e6-f93487678808,attack-pattern--2d0d40ad-22fa-4cc8-b264-072557e1364b,ics
relationship--83c8c216-7ff7-4bd3-9db4-573469628d95,uses,malware--e401d4fe-f0c9-44f0-98e6-f93487678808,attack-pattern--19a71d1e-6334-4233-8260-b749cae37953,ics
relationship--841ec349-0f4c-43fa-89b8-ef3656497fc9,uses,malware--e401d4fe-f0c9-44f0-98e6-f93487678808,attack-pattern--ea0c980c-5cf0-43a7-a049-59c4c207566e,ics
relationship--842a2b85-4e77-4eb6-99e1-c4a231aadf48,mitigates,course-of-action--aadac250-bcdc-44e3-a4ae-f52bd0a7a16a,attack-pattern--e1f9cdd2-9511-4fca-90d7-f3e92cfdd0bf,ics
relationship--856e18a8-df82-402a-9105-ff4b7e4caf12,uses,malware--b34df04a-9d30-4d84-a03f-0d536ee19a05,attack-pattern--24a9253e-8948-4c98-b751-8e2aee53127c,ics
relationship--868db512-b897-4a54-ae56-ac78f6c93a14,uses,malware--d3aa1058-b1b3-4c29-a3ba-9a9b90ccd93b,attack-pattern--ead7bd34-186e-4c79-9a4d-b65bcce6ed9d,ics
relationship--86d45e92-80ba-4f97-b3a3-03ad3469658b,mitigates,course-of-action--1e7ccfc0-94c8-496e-8d27-032120892291,attack-pattern--efbf7888-f61b-4572-9c80-7e2965c60707,ics
relationship--86f1655a-db46-4d49-9051-6653da83eb13,mitigates,course-of-action--f9fcb3ec-6de0-4559-8cd9-ef1c0c7d1971,attack-pattern--3405891b-16aa-4bd7-bd7c-733501f9b20f,ics
relationship--874752f4-59a2-46e9-ae28-befe0142b223,uses,malware--088f1d6e-0783-47c6-9923-9c79b2af43d4,attack-pattern--c9a8d958-fcdb-40d2-af4c-461c8031651a,ics
relationship--87c8ab74-576d-4962-b641-0762d374d1e8,uses,malware--e401d4fe-f0c9-44f0-98e6-f93487678808,attack-pattern--25dfc8ad-bd73-4dfd-84a9-3c3d383f76e9,ics
relationship--8a06c15b-b7e5-4374-9265-8d9020e126cd,uses,malware--088f1d6e-0783-47c6-9923-9c79b2af43d4,attack-pattern--2736b752-4ec5-4421-a230-8977dea7649c,ics
relationship--8a604466-8437-4fe6-b6db-ec8fb05d702a,uses,malware--e401d4fe-f0c9-44f0-98e6-f93487678808,attack-pattern--1c478716-71d9-46a4-9a53-fa5d576adb60,ics
relationship--8a86ad59-dff1-46dc-8ffd-3c62b96c6e62,uses,campaign--46421788-b6e1-4256-b351-f8beffd1afba,attack-pattern--ead7bd34-186e-4c79-9a4d-b65bcce6ed9d,ics
relationship--8b17ad46-b0cc-4766-9cae-eba32260d468,mitigates,course-of-action--b11cad63-ef30-4eb8-af0d-6cc46eef3f3e,attack-pattern--a81696ef-c106-482c-8f80-59c30f2569fb,ics
relationship--8b2d82aa-75fc-4d6d-bb4b-9f600bd211fd,uses,malware--80099a91-4c86-4bea-9ccb-dac55d61960e,attack-pattern--e6c31185-8040-4267-83d3-b217b8a92f07,ics
relationship--8b7403f5-90d2-4d2c-a484-87d29f419a9f,uses,campaign--46421788-b6e1-4256-b351-f8beffd1afba,attack-pattern--25dfc8ad-bd73-4dfd-84a9-3c3d383f76e9,ics
relationship--8ca2fe75-9bb3-4af5-8fee-accd33d6d2ec,mitigates,course-of-action--d0909119-2f71-4923-87db-b649881672d7,attack-pattern--25dfc8ad-bd73-4dfd-84a9-3c3d383f76e9,ics
relationship--8d0d6365-7bc0-417d-9268-c7c31fcb0d91,uses,campaign--46421788-b6e1-4256-b351-f8beffd1afba,attack-pattern--b0628bfc-5376-4a38-9182-f324501cb4cf,ics
relationship--8ecf5eac-7767-411b-b54a-b374ea51b9e9,mitigates,course-of-action--f0f5c87a-a58d-440a-b3b5-ca679d98c6dd,attack-pattern--138979ba-0430-4de6-a128-2fc0b056ba36,ics
relationship--8f76d408-be8a-478e-8a5a-aab1d1f96572,uses,malware--083bb47b-02c8-4423-81a2-f9ef58572974,attack-pattern--3de230d4-3e42-4041-b089-17e1128feded,ics
relationship--8f7ccb2b-de2a-4a5c-9f1e-d5e58e69efa8,mitigates,course-of-action--337c4e2a-21a7-4d9a-bfee-9efd6cebf0e5,attack-pattern--fa3aa267-da22-4bdd-961f-03223322a8d5,ics
relationship--8f90363e-2825-4178-807f-9268a28760fa,mitigates,course-of-action--9e3adcad-0b8f-4ecc-a2f3-06f607f53bf0,attack-pattern--c267bbee-bb59-47fe-85e0-3ed210337c21,ics
relationship--8fa6fe89-e704-4be4-a15b-50e188084aa3,mitigates,course-of-action--059ba11e-e3dc-49aa-84ca-88197f40d4ea,attack-pattern--85a45294-08f1-4539-bf00-7da08aa7b0ee,ics
relationship--8fcecf74-36df-41ab-9476-539c9ac0b339,mitigates,course-of-action--1e7ccfc0-94c8-496e-8d27-032120892291,attack-pattern--be69c571-d746-4b1f-bdd0-c0c9817e9068,ics
relationship--90d9c8e3-0250-4096-8d98-7ca1d324d654,uses,malware--083bb47b-02c8-4423-81a2-f9ef58572974,attack-pattern--25852363-5968-4673-b81d-341d5ed90bd1,ics
relationship--91f29477-2ff6-4dbf-bf68-c8825a938851,mitigates,course-of-action--97f33c84-8508-45b9-8a1d-cac921828c9e,attack-pattern--cfe68e93-ce94-4c0f-a57d-3aa72cedd618,ics
relationship--92d1fd4f-6cc7-4db5-82f8-f8caa5ff59f0,mitigates,course-of-action--f9fcb3ec-6de0-4559-8cd9-ef1c0c7d1971,attack-pattern--53a26eee-1080-4d17-9762-2027d5a1b805,ics
relationship--93e24e03-6425-4ee8-99bb-c3a662c6cdce,uses,malware--80099a91-4c86-4bea-9ccb-dac55d61960e,attack-pattern--b9160e77-ea9e-4ba9-b1c8-53a3c466b13d,ics
relationship--94654460-b115-4056-beb1-e982ed33437b,mitigates,course-of-action--f9fcb3ec-6de0-4559-8cd9-ef1c0c7d1971,attack-pattern--fa3aa267-da22-4bdd-961f-03223322a8d5,ics
relationship--9515f24c-1c33-4197-b9c9-b9992bc696ca,uses,malware--4dcff507-5af8-47ce-964a-8d9569e9ccfe,attack-pattern--fc5fda7e-6b2c-4457-b036-759896a2efa2,ics
relationship--966b59c0-8641-432c-84f7-b2a712004d74,uses,malware--e401d4fe-f0c9-44f0-98e6-f93487678808,attack-pattern--8e7089d3-fba2-44f8-94a8-9a79c53920c4,ics
relationship--968830b7-ee80-4a6e-96a4-9fc70470e4a9,mitigates,course-of-action--de0bc375-50e1-4e26-a342-a8ff8c9d3037,attack-pattern--32632a95-6856-47b9-9ab7-fea5cd7dce00,ics
relationship--973f5884-a076-413e-ac96-f0bd01375fb6,mitigates,course-of-action--71eb7dad-07eb-4bbc-9df0-ac57bf2fba4a,attack-pattern--09a61657-46e1-439e-b3ed-3e4556a78243,ics
relationship--97756c8a-b702-472b-8d67-15464a73093e,uses,campaign--46421788-b6e1-4256-b351-f8beffd1afba,attack-pattern--e33c7ecc-5a38-497f-beb2-a9a2049a4c20,ics
relationship--97c5b388-518a-46ec-b2b0-41bfa6a83204,mitigates,course-of-action--97f33c84-8508-45b9-8a1d-cac921828c9e,attack-pattern--9f947a1c-3860-48a8-8af0-a2dfa3efde03,ics
relationship--984992e3-0407-406a-b8dd-c114d8b2d9a2,mitigates,course-of-action--72e46e53-e12d-4106-9c70-33241b6ed549,attack-pattern--25852363-5968-4673-b81d-341d5ed90bd1,ics
relationship--984d517f-56a1-4eb4-95e5-994eb9c6c3b5,uses,campaign--df8eb785-70f8-4300-b444-277ba849083d,attack-pattern--1c5cf58c-a34a-40d7-82f4-f987cdfc2b91,ics
relationship--98567b03-7421-4761-8caa-cbea82d89fe3,mitigates,course-of-action--9a945a29-5233-4422-a9e3-3e957b0e8bce,attack-pattern--77d9c726-b53e-481d-8bcc-1068aebfbb9d,ics
relationship--98f1d575-a975-42ae-8b00-2c9e22d560d5,mitigates,course-of-action--5d97c693-e054-48ba-a3a3-eaf6942dfb65,attack-pattern--8d2f3bab-507c-4424-b58b-edc977bd215c,ics
relationship--9902691c-aaf2-48a1-b1ca-cd6f652ae1c6,uses,malware--e401d4fe-f0c9-44f0-98e6-f93487678808,attack-pattern--e33c7ecc-5a38-497f-beb2-a9a2049a4c20,ics
relationship--990f944f-190d-456d-b194-f5ecb17a0868,uses,malware--58eddbaf-7416-419a-ad7b-e65b9d4c3b55,attack-pattern--b5b9bacb-97f2-4249-b804-47fd44de1f95,ics
relationship--99ec0a8e-4a4f-427c-89db-163e4b206021,mitigates,course-of-action--f0f5c87a-a58d-440a-b3b5-ca679d98c6dd,attack-pattern--e33c7ecc-5a38-497f-beb2-a9a2049a4c20,ics
relationship--9a44b2a8-9f4c-43df-9174-1cba6e165886,mitigates,course-of-action--11f242bc-3121-438c-84b2-5cbd46a4bb17,attack-pattern--8e7089d3-fba2-44f8-94a8-9a79c53920c4,ics
relationship--9a607f89-85b8-4fba-8eb7-7e4900ea693f,mitigates,course-of-action--3172222b-4983-43f7-8983-753ded4f13bc,attack-pattern--648f995e-9c3a-41e4-aeee-98bb41037426,ics
relationship--9b412b1f-2dd0-4e7f-8364-f625181ba1db,mitigates,course-of-action--ddf3e568-f065-49e2-9106-42029a28ddbd,attack-pattern--cd2c76a4-5e23-4ca5-9c40-d5e0604f7101,ics
relationship--9b825e77-2b18-4bc8-8e1d-5f645d570dca,uses,intrusion-set--9538b1a4-4120-4e2d-bf59-3b11fcab05a4,malware--80099a91-4c86-4bea-9ccb-dac55d61960e,ics
relationship--9cca3120-c95e-4f5e-bc4b-0521ab5cc512,mitigates,course-of-action--1e7ccfc0-94c8-496e-8d27-032120892291,attack-pattern--063b5b92-5361-481a-9c3f-95492ed9a2d8,ics
relationship--9d6f9bba-dd79-4cb6-a0f3-1284e58a6236,uses,malware--e401d4fe-f0c9-44f0-98e6-f93487678808,attack-pattern--138979ba-0430-4de6-a128-2fc0b056ba36,ics
relationship--9db1ecfe-72eb-42da-a09e-746663a53854,uses,malware--80099a91-4c86-4bea-9ccb-dac55d61960e,attack-pattern--2aa406ed-81c3-4c1d-ba83-cfbee5a2847a,ics
relationship--9f07c92a-78a0-438a-8cb2-01e2bddaeb42,uses,intrusion-set--381fcf73-60f6-4ab2-9991-6af3cbc35192,malware--e401d4fe-f0c9-44f0-98e6-f93487678808,ics
relationship--9f43126d-5f6c-42a9-9908-49175c27ead7,uses,intrusion-set--381fcf73-60f6-4ab2-9991-6af3cbc35192,malware--6a0d0ea9-b2c4-43fe-a552-ac41a3009dc5,ics
relationship--9fb2a9b2-3b25-4f77-9f7a-e832b2e5071a,uses,malware--e401d4fe-f0c9-44f0-98e6-f93487678808,attack-pattern--40b300ba-f553-48bf-862e-9471b220d455,ics
relationship--9fb8c8ab-67de-42df-a82d-b6e45b82d949,uses,campaign--46421788-b6e1-4256-b351-f8beffd1afba,attack-pattern--3f1f4ccb-9be2-4ff8-8f69-dd972221169b,ics
relationship--a04169ed-c16b-466b-80ef-22a11067f475,uses,malware--e401d4fe-f0c9-44f0-98e6-f93487678808,attack-pattern--56ddc820-6cfb-407f-850b-52c035d123ac,ics
relationship--a08d85dd-a8b3-4848-94aa-941c43b6d8f2,mitigates,course-of-action--1e7ccfc0-94c8-496e-8d27-032120892291,attack-pattern--3de230d4-3e42-4041-b089-17e1128feded,ics
relationship--a1383f2a-2ee2-47df-a661-8904a7535e0c,mitigates,course-of-action--5d97c693-e054-48ba-a3a3-eaf6942dfb65,attack-pattern--cd2c76a4-5e23-4ca5-9c40-d5e0604f7101,ics
relationship--a1cbbdb5-30ad-4139-9784-e5a134f8d405,uses,malware--e401d4fe-f0c9-44f0-98e6-f93487678808,attack-pattern--493832d9-cea6-4b63-abe7-9a65a6473675,ics
relationship--a22fabd2-836e-4141-9219-c76cc10138ec,mitigates,course-of-action--aadac250-bcdc-44e3-a4ae-f52bd0a7a16a,attack-pattern--2aa406ed-81c3-4c1d-ba83-cfbee5a2847a,ics
relationship--a47cd7b9-2b73-480c-a8ab-2dfa908e02ea,mitigates,course-of-action--8ac1d6e1-b07f-476a-9732-84984ebc2405,attack-pattern--b9160e77-ea9e-4ba9-b1c8-53a3c466b13d,ics
relationship--a4c81fe6-1ad9-4bba-a415-a3c099eaa2be,uses,malware--4dcff507-5af8-47ce-964a-8d9569e9ccfe,attack-pattern--2883c520-7957-46ca-89bd-dab1ad53b601,ics
relationship--a57b233b-6613-4f78-aa48-e85518aaa7cf,uses,campaign--46421788-b6e1-4256-b351-f8beffd1afba,attack-pattern--d5a69cfb-fc2a-46cb-99eb-74b236db5061,ics
relationship--a6277ff6-9cdf-484f-a902-3f9442039905,uses,malware--931e2489-8078-4f9f-85b2-a9211950e75b,attack-pattern--1b22b676-9347-4c55-9a35-ef0dc653db5b,ics
relationship--a6479493-6154-408f-90df-9d2f3ae352d1,uses,campaign--aa73efef-1418-4dbe-b43c-87a498e97234,attack-pattern--cd2c76a4-5e23-4ca5-9c40-d5e0604f7101,ics
relationship--a6519c11-e9d4-4b6f-8d92-8efaa2144c28,uses,malware--00e7d565-9883-4ee5-b642-8fd17fd6a3f5,attack-pattern--63b6942d-8359-4506-bfb3-cf87aa8120ee,ics
relationship--a6d8b66d-fc10-404f-b0ae-e8c66506b818,uses,malware--e401d4fe-f0c9-44f0-98e6-f93487678808,attack-pattern--a81696ef-c106-482c-8f80-59c30f2569fb,ics
relationship--a717ccc7-0fe6-4a83-951f-5a89037ed927,mitigates,course-of-action--ad12819e-3211-4291-b360-069f280cff0a,attack-pattern--fab8fc7d-f27f-4fbb-9de6-44740aade05f,ics
relationship--a74c14e2-eb8a-47bb-b64d-20aad9154297,mitigates,course-of-action--1e7ccfc0-94c8-496e-8d27-032120892291,attack-pattern--b9160e77-ea9e-4ba9-b1c8-53a3c466b13d,ics
relationship--a75ddacf-e87e-4a99-83f2-618486473163,mitigates,course-of-action--97f33c84-8508-45b9-8a1d-cac921828c9e,attack-pattern--b9160e77-ea9e-4ba9-b1c8-53a3c466b13d,ics
relationship--a78e727c-8e42-448c-beb4-463804e18be0,mitigates,course-of-action--622fe4d4-0e8e-4d17-9c25-6c9cef1f15d5,attack-pattern--85a45294-08f1-4539-bf00-7da08aa7b0ee,ics
relationship--a7caa7f2-cfb9-4fc9-ae8d-49349b6c260f,mitigates,course-of-action--e0d38502-decb-481d-ad8b-b8f0a0c330bd,attack-pattern--be69c571-d746-4b1f-bdd0-c0c9817e9068,ics
relationship--a7fbe555-a61b-4b93-bfb2-8e0dd0d6323e,mitigates,course-of-action--e57ebc6d-785f-40c8-adb1-b5b5e09b3b48,attack-pattern--8d2f3bab-507c-4424-b58b-edc977bd215c,ics
relationship--a846dbe5-9ef3-4fb6-93d5-f764671a75c8,uses,intrusion-set--381fcf73-60f6-4ab2-9991-6af3cbc35192,attack-pattern--32632a95-6856-47b9-9ab7-fea5cd7dce00,ics
relationship--a847aa03-ea56-47d1-8f4e-f9e0dd9707a0,mitigates,course-of-action--d0909119-2f71-4923-87db-b649881672d7,attack-pattern--8d2f3bab-507c-4424-b58b-edc977bd215c,ics
relationship--a86cee0a-dc49-4c95-b5dc-37405337490b,mitigates,course-of-action--3992ce42-43e9-4bea-b8db-a102ec3ec1e3,attack-pattern--2883c520-7957-46ca-89bd-dab1ad53b601,ics
relationship--a91002fe-21b2-4417-9c23-af712a7a035c,mitigates,course-of-action--71eb7dad-07eb-4bbc-9df0-ac57bf2fba4a,attack-pattern--fc5fda7e-6b2c-4457-b036-759896a2efa2,ics
relationship--a946c9b1-5b89-44c9-b617-3412ffda34b9,uses,malware--80099a91-4c86-4bea-9ccb-dac55d61960e,attack-pattern--3067b85e-271e-4bc5-81ad-ab1a81d411e3,ics
relationship--ab306654-2abb-4983-8d30-df4058adb06c,uses,malware--ac61f1f9-7bb1-465e-9b8a-c2ce8e88baf5,attack-pattern--63b6942d-8359-4506-bfb3-cf87aa8120ee,ics
relationship--ab60fe4a-5860-410a-8bca-2cdbea95e5f8,mitigates,course-of-action--aadac250-bcdc-44e3-a4ae-f52bd0a7a16a,attack-pattern--2883c520-7957-46ca-89bd-dab1ad53b601,ics
relationship--ab8e129c-5411-4784-9194-068fa915da23,uses,malware--e221eb77-1502-4129-af1d-fe1ad55e7ec6,attack-pattern--53a26eee-1080-4d17-9762-2027d5a1b805,ics
relationship--ac7b64c8-cac9-4efb-990e-eed5e7fb35ee,uses,campaign--1169ff24-b35f-4d8d-8cf3-643a2834227f,attack-pattern--b9160e77-ea9e-4ba9-b1c8-53a3c466b13d,ics
relationship--acace658-da7e-4a19-aa98-8aec8c966dde,uses,campaign--46421788-b6e1-4256-b351-f8beffd1afba,attack-pattern--40b300ba-f553-48bf-862e-9471b220d455,ics
relationship--ad7770c3-fe24-4285-9ce2-1616a1061472,uses,intrusion-set--2a7914cf-dff3-428d-ab0f-1014d1c28aeb,malware--5af7a825-2d9f-400d-931a-e00eb9e27f48,ics
relationship--ad7fd147-066e-4ed5-aa9d-7b2f1771150d,mitigates,course-of-action--49363b74-d506-4342-bd63-320586ebadb9,attack-pattern--32632a95-6856-47b9-9ab7-fea5cd7dce00,ics
relationship--ade12d27-13bb-4ebf-be08-7039cf699682,mitigates,course-of-action--aadac250-bcdc-44e3-a4ae-f52bd0a7a16a,attack-pattern--2900bbd8-308a-4274-b074-5b8bde8347bc,ics
relationship--adf2072c-0341-4fc2-9d25-495b4af864e9,uses,campaign--70cab19e-1745-425e-b3db-c02cd5ff157a,attack-pattern--e33c7ecc-5a38-497f-beb2-a9a2049a4c20,ics
relationship--ae10e97a-90ac-498b-8601-01081dc4af8b,mitigates,course-of-action--e57ebc6d-785f-40c8-adb1-b5b5e09b3b48,attack-pattern--e1f9cdd2-9511-4fca-90d7-f3e92cfdd0bf,ics
relationship--ae7487f1-a2d0-443d-b418-cd726c5ac15f,mitigates,course-of-action--469b78dd-a54d-4f7c-8c3b-4a1dd916b433,attack-pattern--ea0c980c-5cf0-43a7-a049-59c4c207566e,ics
relationship--ae7ed6d8-65cc-45a0-82c3-c28e5630bf7c,uses,campaign--70cab19e-1745-425e-b3db-c02cd5ff157a,attack-pattern--2877063e-1851-48d2-bcc6-bc1d2733157e,ics
relationship--af20f409-05ed-42c3-ae3e-09b047b84875,mitigates,course-of-action--66cfe23e-34b6-4583-b178-ed6a412db2b0,attack-pattern--097924ce-a9a9-4039-8591-e0deedfb8722,ics
relationship--afb0b60e-e604-4b96-abb9-57fdce4e5108,mitigates,course-of-action--f0f5c87a-a58d-440a-b3b5-ca679d98c6dd,attack-pattern--b5b9bacb-97f2-4249-b804-47fd44de1f95,ics
relationship--afd63145-6033-49e4-ad43-d0b35fa5ed88,mitigates,course-of-action--c7257b6e-4159-4771-b1f3-2bb93adaecac,attack-pattern--19a71d1e-6334-4233-8260-b749cae37953,ics
relationship--b05d678b-4d87-4261-9366-f8b757a77661,uses,campaign--45a98f02-852f-49b2-94c0-c63207bebbbf,attack-pattern--53a26eee-1080-4d17-9762-2027d5a1b805,ics
relationship--b07e6896-a840-49a1-8d58-94396a902b95,uses,campaign--aa73efef-1418-4dbe-b43c-87a498e97234,attack-pattern--24a9253e-8948-4c98-b751-8e2aee53127c,ics
relationship--b13417ea-d8da-497f-818f-d2d90562039a,mitigates,course-of-action--3172222b-4983-43f7-8983-753ded4f13bc,attack-pattern--9a505987-ab05-4f46-a9a6-6441442eec3b,ics
relationship--b1768154-221c-48be-ab2b-549ec1eddafb,mitigates,course-of-action--1e7ccfc0-94c8-496e-8d27-032120892291,attack-pattern--2900bbd8-308a-4274-b074-5b8bde8347bc,ics
relationship--b1d993d5-9e7e-4043-a651-07c7b5ad5a6b,mitigates,course-of-action--3172222b-4983-43f7-8983-753ded4f13bc,attack-pattern--2736b752-4ec5-4421-a230-8977dea7649c,ics
relationship--b252a076-6d4e-49f5-95ac-16264ef05b1d,uses,malware--e221eb77-1502-4129-af1d-fe1ad55e7ec6,attack-pattern--493832d9-cea6-4b63-abe7-9a65a6473675,ics
relationship--b2defaaf-625d-416e-8a9d-8be6d89bacdc,mitigates,course-of-action--52c7a1a9-3a78-4528-a44f-cd7b0fa3541a,attack-pattern--d5a69cfb-fc2a-46cb-99eb-74b236db5061,ics
relationship--b2e10e48-8bd9-472a-9c6f-1d38650e8df1,mitigates,course-of-action--fce6866f-9a87-4d3e-a73c-f02d8937fe0e,attack-pattern--2877063e-1851-48d2-bcc6-bc1d2733157e,ics
relationship--b343e131-e448-46c6-815b-b86e4bd6d638,uses,intrusion-set--9538b1a4-4120-4e2d-bf59-3b11fcab05a4,attack-pattern--5e0f75da-e108-4688-a6de-a4f07cc2cbe3,ics
relationship--b346eec8-de90-407c-b665-387086bb4553,uses,malware--d3aa1058-b1b3-4c29-a3ba-9a9b90ccd93b,attack-pattern--3067b85e-271e-4bc5-81ad-ab1a81d411e3,ics
relationship--b349ef5f-4a05-4eef-afe4-1543b8c832fa,uses,intrusion-set--381fcf73-60f6-4ab2-9991-6af3cbc35192,malware--54cc1d4f-5c53-4f0e-9ef5-11b4998e82e4,ics
relationship--b363cbbb-679c-47e0-8ad0-af98ebf51e60,mitigates,course-of-action--7f153c28-e5f1-4764-88fb-eea1d9b0ad4a,attack-pattern--2877063e-1851-48d2-bcc6-bc1d2733157e,ics
relationship--b3862aa6-7bd0-46a4-83b6-bb687bb7caa6,uses,intrusion-set--9538b1a4-4120-4e2d-bf59-3b11fcab05a4,attack-pattern--7830cfcf-b268-4ac0-a69e-73c6affbae9a,ics
relationship--b3b24837-83ed-46c5-ba80-66a832c7072e,mitigates,course-of-action--3992ce42-43e9-4bea-b8db-a102ec3ec1e3,attack-pattern--19a71d1e-6334-4233-8260-b749cae37953,ics
relationship--b452a076-6d4e-49f5-95ac-16264ef05b1d,uses,malware--e221eb77-1502-4129-af1d-fe1ad55e7ec6,attack-pattern--063b5b92-5361-481a-9c3f-95492ed9a2d8,ics
relationship--b47dbc50-fd8f-4e5b-bb3d-e93b68bf5497,mitigates,course-of-action--bcf91ebc-f316-4e19-b2f6-444e9940c697,attack-pattern--9a505987-ab05-4f46-a9a6-6441442eec3b,ics
relationship--b48a9fea-26a5-473c-9a5d-fcc3531e1fd3,mitigates,course-of-action--dc61c280-c29d-44e5-a960-c0dd1623d2ba,attack-pattern--fa3aa267-da22-4bdd-961f-03223322a8d5,ics
relationship--b4efcbe0-ffe3-4d9a-8dba-570e68494af1,uses,campaign--70cab19e-1745-425e-b3db-c02cd5ff157a,attack-pattern--b14395bd-5419-4ef4-9bd8-696936f509bb,ics
relationship--b5ab26e2-eb90-4f19-b35a-b8a0a5438961,uses,malware--5af7a825-2d9f-400d-931a-e00eb9e27f48,attack-pattern--a81696ef-c106-482c-8f80-59c30f2569fb,ics
relationship--b5bb5ec3-aa3c-4734-8425-4be80c5658a9,mitigates,course-of-action--469b78dd-a54d-4f7c-8c3b-4a1dd916b433,attack-pattern--36e9f5bc-ac13-4da4-a2f4-01f4877d9004,ics
relationship--b5e52859-8dab-4e7e-af70-bb38c6993c98,mitigates,course-of-action--469b78dd-a54d-4f7c-8c3b-4a1dd916b433,attack-pattern--c5e3cdbc-0387-4be9-8f83-ff5c0865f377,ics
relationship--b628d878-4f35-4580-8d42-26984d13821e,mitigates,course-of-action--c7257b6e-4159-4771-b1f3-2bb93adaecac,attack-pattern--1af9e3fd-2bcc-414d-adbd-fe3b95c02ca1,ics
relationship--b69f31c3-6c12-4b81-8e74-9c58ea635fa4,mitigates,course-of-action--8a3aadd0-b5f4-433a-800e-4893e4196bb7,attack-pattern--cd2c76a4-5e23-4ca5-9c40-d5e0604f7101,ics
relationship--b72b7dfd-f134-4324-84b8-52ff13fc6b5c,mitigates,course-of-action--bcf91ebc-f316-4e19-b2f6-444e9940c697,attack-pattern--ab390887-afc0-4715-826d-b1b167d522ae,ics
relationship--b7f23af2-e948-4531-af56-1a1b4d03702f,mitigates,course-of-action--3992ce42-43e9-4bea-b8db-a102ec3ec1e3,attack-pattern--25852363-5968-4673-b81d-341d5ed90bd1,ics
relationship--b8d6e550-18fe-49ad-9964-7802bbe0cb58,mitigates,course-of-action--ad12819e-3211-4291-b360-069f280cff0a,attack-pattern--b5b9bacb-97f2-4249-b804-47fd44de1f95,ics
relationship--b8edcf0a-ec53-4203-b3ad-2cc734a1f1dd,mitigates,course-of-action--97f33c84-8508-45b9-8a1d-cac921828c9e,attack-pattern--35392fb4-a31d-4c6a-b9f2-1c65b7f5e6b9,ics
relationship--b8f6d6a8-e668-4596-8ec2-41c5d1bd211d,mitigates,course-of-action--e0d38502-decb-481d-ad8b-b8f0a0c330bd,attack-pattern--2aa406ed-81c3-4c1d-ba83-cfbee5a2847a,ics
relationship--b960c5ed-1ea8-4dde-9203-c02d291d3bc6,mitigates,course-of-action--aadac250-bcdc-44e3-a4ae-f52bd0a7a16a,attack-pattern--40b300ba-f553-48bf-862e-9471b220d455,ics
relationship--b9632b4d-43c3-4bfa-88e0-629245acb8eb,mitigates,course-of-action--e57ebc6d-785f-40c8-adb1-b5b5e09b3b48,attack-pattern--3405891b-16aa-4bd7-bd7c-733501f9b20f,ics
relationship--b9e82422-b072-494f-99c1-fcab07b90133,mitigates,course-of-action--71eb7dad-07eb-4bbc-9df0-ac57bf2fba4a,attack-pattern--ba203963-3182-41ac-af14-7e7ebc83cd61,ics
relationship--ba010007-6dde-4c9d-8452-69527cd1c2ba,mitigates,course-of-action--622fe4d4-0e8e-4d17-9c25-6c9cef1f15d5,attack-pattern--3405891b-16aa-4bd7-bd7c-733501f9b20f,ics
relationship--baf4bd30-4213-43c3-b70c-54418e734caf,mitigates,course-of-action--11f242bc-3121-438c-84b2-5cbd46a4bb17,attack-pattern--3067b85e-271e-4bc5-81ad-ab1a81d411e3,ics
relationship--baf7daf3-2116-4051-91b5-f82e146167d0,mitigates,course-of-action--bcf91ebc-f316-4e19-b2f6-444e9940c697,attack-pattern--cd2c76a4-5e23-4ca5-9c40-d5e0604f7101,ics
relationship--bbf297d3-0c3c-44be-b780-332bac17b0ba,mitigates,course-of-action--72e46e53-e12d-4106-9c70-33241b6ed549,attack-pattern--40b300ba-f553-48bf-862e-9471b220d455,ics
relationship--bc3744d6-9275-4d91-8888-16d5f4d5187b,mitigates,course-of-action--622fe4d4-0e8e-4d17-9c25-6c9cef1f15d5,attack-pattern--32632a95-6856-47b9-9ab7-fea5cd7dce00,ics
relationship--bc383819-2e40-49b4-bea9-95eb5d418877,uses,malware--088f1d6e-0783-47c6-9923-9c79b2af43d4,attack-pattern--e076cca8-2f08-45c9-aff7-ea5ac798b387,ics
relationship--bc74ff8f-d5fa-40fb-8c0b-f16af3ff36e3,mitigates,course-of-action--337c4e2a-21a7-4d9a-bfee-9efd6cebf0e5,attack-pattern--b7e13ee8-182c-4f19-92a4-a88d7d855d54,ics
relationship--bcaa4f7e-2e84-4bbb-9fb7-ca8fb003108f,mitigates,course-of-action--72e46e53-e12d-4106-9c70-33241b6ed549,attack-pattern--b9160e77-ea9e-4ba9-b1c8-53a3c466b13d,ics
relationship--bcece7ce-91b5-40b3-b87a-25cab3600e5c,uses,malware--088f1d6e-0783-47c6-9923-9c79b2af43d4,attack-pattern--e6c31185-8040-4267-83d3-b217b8a92f07,ics
relationship--bda03e8d-5e06-4470-b786-11b11c7c97c7,mitigates,course-of-action--faf2b40e-5981-433f-aa46-17458e0026f7,attack-pattern--648f995e-9c3a-41e4-aeee-98bb41037426,ics
relationship--bde941c6-2ca0-4f94-9336-027e7eee15a1,mitigates,course-of-action--1e7ccfc0-94c8-496e-8d27-032120892291,attack-pattern--e6c31185-8040-4267-83d3-b217b8a92f07,ics
relationship--be532c78-daf5-431b-adae-ab11af395513,uses,malware--088f1d6e-0783-47c6-9923-9c79b2af43d4,attack-pattern--85a45294-08f1-4539-bf00-7da08aa7b0ee,ics
relationship--be950e87-80ac-49ea-810a-553c7f72151b,mitigates,course-of-action--72e46e53-e12d-4106-9c70-33241b6ed549,attack-pattern--8e7089d3-fba2-44f8-94a8-9a79c53920c4,ics
relationship--bf0e7347-1636-4b5e-9e2a-8b93177e5f85,uses,campaign--45a98f02-852f-49b2-94c0-c63207bebbbf,attack-pattern--cd2c76a4-5e23-4ca5-9c40-d5e0604f7101,ics
relationship--bff99f91-e1a9-4379-a2d9-5a99615a95d1,uses,intrusion-set--c77c5576-ca19-42ed-a36f-4b4486a84133,malware--ac61f1f9-7bb1-465e-9b8a-c2ce8e88baf5,ics
relationship--c0efb24a-2329-401a-bba6-817f2867bb3f,mitigates,course-of-action--aadac250-bcdc-44e3-a4ae-f52bd0a7a16a,attack-pattern--3067b85e-271e-4bc5-81ad-ab1a81d411e3,ics
relationship--c1154a56-6f5f-4760-8b34-79b0e8a79c1f,uses,campaign--70cab19e-1745-425e-b3db-c02cd5ff157a,attack-pattern--2900bbd8-308a-4274-b074-5b8bde8347bc,ics
relationship--c137fcd2-ce51-4e17-9c2f-f1aaf9b64ce7,uses,campaign--45a98f02-852f-49b2-94c0-c63207bebbbf,attack-pattern--ead7bd34-186e-4c79-9a4d-b65bcce6ed9d,ics
relationship--c195a0e9-d46c-487f-9a96-b138e9ca05d2,mitigates,course-of-action--143b4398-3222-480a-b6a4-e131bc2d3144,attack-pattern--648f995e-9c3a-41e4-aeee-98bb41037426,ics
relationship--c2484b15-7dd0-4280-8898-a6a7da6f0ca2,uses,campaign--70cab19e-1745-425e-b3db-c02cd5ff157a,attack-pattern--40b300ba-f553-48bf-862e-9471b220d455,ics
relationship--c2fe42b4-6750-4b51-86b7-6c37fbfdef2d,mitigates,course-of-action--ad12819e-3211-4291-b360-069f280cff0a,attack-pattern--56ddc820-6cfb-407f-850b-52c035d123ac,ics
relationship--c347b69c-e3f6-4eca-ba57-0781c7dc8eac,uses,malware--00e7d565-9883-4ee5-b642-8fd17fd6a3f5,attack-pattern--ba203963-3182-41ac-af14-7e7ebc83cd61,ics
relationship--c4122b58-f1b2-4656-a715-55016700bf75,uses,malware--e401d4fe-f0c9-44f0-98e6-f93487678808,attack-pattern--3de230d4-3e42-4041-b089-17e1128feded,ics
relationship--c4e8dd42-9855-4a36-b915-dc7e1a91e235,uses,intrusion-set--4ca1929c-7d64-4aab-b849-badbfc0c760d,attack-pattern--2dc2b567-8821-49f9-9045-8740f3d0b958,ics
relationship--c59a3d89-c8fa-4c5d-813e-f4495d892d1a,uses,malware--75ecdbf1-c2bb-4afc-a3f9-c8da4de8c661,attack-pattern--85a45294-08f1-4539-bf00-7da08aa7b0ee,ics
relationship--c5dd0d66-99f1-4efd-b0f9-bf9f9118ff16,uses,intrusion-set--381fcf73-60f6-4ab2-9991-6af3cbc35192,malware--5719af9d-6b16-46f9-9b28-fb019541ddbb,ics
relationship--c5fd0969-c151-4849-94c2-83e2e208cff7,mitigates,course-of-action--7f153c28-e5f1-4764-88fb-eea1d9b0ad4a,attack-pattern--38213338-1aab-479d-949b-c81b66ccca5c,ics
relationship--c64f2ed2-f7a7-4333-b0d3-d687ffb7ad6b,mitigates,course-of-action--ad12819e-3211-4291-b360-069f280cff0a,attack-pattern--4c2e1408-9d68-4187-8e6b-a77bc52700ec,ics
relationship--c6520346-fe47-44ce-af75-d99004ac2977,uses,malware--088f1d6e-0783-47c6-9923-9c79b2af43d4,attack-pattern--1af9e3fd-2bcc-414d-adbd-fe3b95c02ca1,ics
relationship--c6562519-81c5-4eca-a815-f46ac0ed4bcc,mitigates,course-of-action--aadac250-bcdc-44e3-a4ae-f52bd0a7a16a,attack-pattern--008b8f56-6107-48be-aa9f-746f927dbb61,ics
relationship--c67e3535-69a9-4234-8170-4ad6efc632b7,mitigates,course-of-action--de0bc375-50e1-4e26-a342-a8ff8c9d3037,attack-pattern--5e0f75da-e108-4688-a6de-a4f07cc2cbe3,ics
relationship--c69eab3c-861c-45f5-8858-a595fcc7e6f6,mitigates,course-of-action--3172222b-4983-43f7-8983-753ded4f13bc,attack-pattern--ead7bd34-186e-4c79-9a4d-b65bcce6ed9d,ics
relationship--c785c026-4139-4c56-a6dd-cdd3ba75bab1,uses,malware--e401d4fe-f0c9-44f0-98e6-f93487678808,attack-pattern--008b8f56-6107-48be-aa9f-746f927dbb61,ics
relationship--c78f497f-01c3-4efb-aa74-92b700b9c02b,mitigates,course-of-action--9f99fcfd-772e-4e63-9d39-e45612e546dc,attack-pattern--e72425f8-9ae6-41d3-bfdb-e1b865e60722,ics
relationship--c7aac6c9-da16-46e2-8cfa-dca07a0a7562,mitigates,course-of-action--1e7ccfc0-94c8-496e-8d27-032120892291,attack-pattern--25852363-5968-4673-b81d-341d5ed90bd1,ics
relationship--c84e39ab-30c1-40e3-95a8-fcbb271e913c,uses,malware--6108f800-10b8-4090-944e-be579f01263d,attack-pattern--9a505987-ab05-4f46-a9a6-6441442eec3b,ics
relationship--c8a40335-90d6-496a-b4f9-1cc93d3fffc6,mitigates,course-of-action--ac8f3492-7fbb-4a0a-b0b4-b75ec676136c,attack-pattern--5e0f75da-e108-4688-a6de-a4f07cc2cbe3,ics
relationship--c8dd2735-bd04-4413-847d-316b77c6de19,mitigates,course-of-action--aadac250-bcdc-44e3-a4ae-f52bd0a7a16a,attack-pattern--d67adac8-e3b9-44f9-9e6d-6c2a7d69dbe4,ics
relationship--c8e78d6f-ac9d-4ad3-ae13-238f1eb4423a,uses,campaign--46421788-b6e1-4256-b351-f8beffd1afba,malware--54cc1d4f-5c53-4f0e-9ef5-11b4998e82e4,ics
relationship--c9065f74-556d-4728-8072-f96642e70316,mitigates,course-of-action--3992ce42-43e9-4bea-b8db-a102ec3ec1e3,attack-pattern--e1f9cdd2-9511-4fca-90d7-f3e92cfdd0bf,ics
relationship--c90cfddb-253b-41c8-9057-2abde6f8aa6d,uses,malware--ac61f1f9-7bb1-465e-9b8a-c2ce8e88baf5,attack-pattern--e076cca8-2f08-45c9-aff7-ea5ac798b387,ics
relationship--c9395e2a-afaf-427c-bcb2-ae663d72c05c,mitigates,course-of-action--b11cad63-ef30-4eb8-af0d-6cc46eef3f3e,attack-pattern--2900bbd8-308a-4274-b074-5b8bde8347bc,ics
relationship--ca3c4d4b-cf53-4489-904f-8a220e421aeb,uses,malware--e401d4fe-f0c9-44f0-98e6-f93487678808,attack-pattern--4c2e1408-9d68-4187-8e6b-a77bc52700ec,ics
relationship--ca5c7ae7-5273-4888-bc50-183d6e200972,mitigates,course-of-action--059ba11e-e3dc-49aa-84ca-88197f40d4ea,attack-pattern--7830cfcf-b268-4ac0-a69e-73c6affbae9a,ics
relationship--ca64a927-f050-41b3-80d3-93d22cdef26a,mitigates,course-of-action--d0909119-2f71-4923-87db-b649881672d7,attack-pattern--e6c31185-8040-4267-83d3-b217b8a92f07,ics
relationship--ca768c2a-0f14-471c-90a5-bce649e88d51,mitigates,course-of-action--11f242bc-3121-438c-84b2-5cbd46a4bb17,attack-pattern--25dfc8ad-bd73-4dfd-84a9-3c3d383f76e9,ics
relationship--cad91f87-7cc7-4771-8c7b-1599793ed3c1,uses,malware--6108f800-10b8-4090-944e-be579f01263d,attack-pattern--38213338-1aab-479d-949b-c81b66ccca5c,ics
relationship--cb1037c1-4b83-4a79-ba12-00558bb6b42b,uses,intrusion-set--00f67a77-86a4-4adf-be26-1a54fc713340,malware--e221eb77-1502-4129-af1d-fe1ad55e7ec6,ics
relationship--cb30d507-edc6-4197-947c-7b3a6e395c0d,mitigates,course-of-action--71eb7dad-07eb-4bbc-9df0-ac57bf2fba4a,attack-pattern--be69c571-d746-4b1f-bdd0-c0c9817e9068,ics
relationship--cb38425c-646d-4bc8-bdea-e6cc630c3034,uses,malware--088f1d6e-0783-47c6-9923-9c79b2af43d4,attack-pattern--fc5fda7e-6b2c-4457-b036-759896a2efa2,ics
relationship--cb4d802e-df5b-4017-81dd-47f65fff23a3,mitigates,course-of-action--9f99fcfd-772e-4e63-9d39-e45612e546dc,attack-pattern--b7e13ee8-182c-4f19-92a4-a88d7d855d54,ics
relationship--cb6d67c0-33ba-4c49-ae70-d0e4f0f68794,mitigates,course-of-action--f0f5c87a-a58d-440a-b3b5-ca679d98c6dd,attack-pattern--fab8fc7d-f27f-4fbb-9de6-44740aade05f,ics
relationship--cba8313b-c338-45f7-88ef-a514094882ac,uses,malware--d3aa1058-b1b3-4c29-a3ba-9a9b90ccd93b,attack-pattern--cfe68e93-ce94-4c0f-a57d-3aa72cedd618,ics
relationship--cca191a1-3c50-4d4f-8f79-4247e58af610,mitigates,course-of-action--4fa717d9-cabe-47c8-8cdd-86e9e2e37f30,attack-pattern--ba203963-3182-41ac-af14-7e7ebc83cd61,ics
relationship--ccae6e5d-8a9e-4bab-ae77-26a2bd722f67,uses,malware--088f1d6e-0783-47c6-9923-9c79b2af43d4,attack-pattern--09a61657-46e1-439e-b3ed-3e4556a78243,ics
relationship--ccc67bb3-acc3-4294-81b3-4a0d972f2dd7,uses,malware--80099a91-4c86-4bea-9ccb-dac55d61960e,attack-pattern--ab390887-afc0-4715-826d-b1b167d522ae,ics
relationship--cd297a7b-4b02-407e-a798-e36fef4cf3a1,mitigates,course-of-action--aadac250-bcdc-44e3-a4ae-f52bd0a7a16a,attack-pattern--1c478716-71d9-46a4-9a53-fa5d576adb60,ics
relationship--cd6f1ca4-aaec-451d-b855-55cdb0c3dde8,uses,campaign--45a98f02-852f-49b2-94c0-c63207bebbbf,attack-pattern--e1f9cdd2-9511-4fca-90d7-f3e92cfdd0bf,ics
relationship--ce64ed04-f0ff-4897-b636-3177c9c5d9bb,uses,intrusion-set--381fcf73-60f6-4ab2-9991-6af3cbc35192,malware--e221eb77-1502-4129-af1d-fe1ad55e7ec6,ics
relationship--ce7c17b7-b60d-4ebd-9014-2c421a64d70a,mitigates,course-of-action--aadac250-bcdc-44e3-a4ae-f52bd0a7a16a,attack-pattern--8535b71e-3c12-4258-a4ab-40257a1becc4,ics
relationship--cf8ac499-8c1c-4615-b933-7587f1b9488b,mitigates,course-of-action--9f99fcfd-772e-4e63-9d39-e45612e546dc,attack-pattern--b9160e77-ea9e-4ba9-b1c8-53a3c466b13d,ics
relationship--d08fdedd-12f6-4681-9167-70d070432dee,mitigates,course-of-action--11f242bc-3121-438c-84b2-5cbd46a4bb17,attack-pattern--8535b71e-3c12-4258-a4ab-40257a1becc4,ics
relationship--d1388bba-9869-4e3e-a6c9-430784ad924d,uses,campaign--46421788-b6e1-4256-b351-f8beffd1afba,attack-pattern--a81696ef-c106-482c-8f80-59c30f2569fb,ics
relationship--d16e8909-d055-4174-aeb1-22c0613b2f73,mitigates,course-of-action--d0909119-2f71-4923-87db-b649881672d7,attack-pattern--9a505987-ab05-4f46-a9a6-6441442eec3b,ics
relationship--d1971b32-3a15-4544-9f36-80c05121deb6,mitigates,course-of-action--3992ce42-43e9-4bea-b8db-a102ec3ec1e3,attack-pattern--efbf7888-f61b-4572-9c80-7e2965c60707,ics
relationship--d1d98f8c-aea2-4f06-9b0d-c543ed42c6a4,mitigates,course-of-action--da44255d-85c5-492c-baf3-ee823d44f848,attack-pattern--83ebd22f-b401-4d59-8219-2294172cf916,ics
relationship--d2a434c7-4428-435e-ae6b-e54012f29606,mitigates,course-of-action--e0d38502-decb-481d-ad8b-b8f0a0c330bd,attack-pattern--fc5fda7e-6b2c-4457-b036-759896a2efa2,ics
relationship--d2dc57eb-5be2-4f9c-a4f7-18d2085ff412,uses,intrusion-set--4ca1929c-7d64-4aab-b849-badbfc0c760d,attack-pattern--e076cca8-2f08-45c9-aff7-ea5ac798b387,ics
relationship--d3c94120-e6b5-4bd2-88f0-9c73f76b0104,mitigates,course-of-action--faf2b40e-5981-433f-aa46-17458e0026f7,attack-pattern--2736b752-4ec5-4421-a230-8977dea7649c,ics
relationship--d4968f45-d06b-4843-8f72-6e08beb94cab,uses,intrusion-set--1c63d4ec-0a75-4daa-b1df-0d11af3d3cc1,malware--083bb47b-02c8-4423-81a2-f9ef58572974,ics
relationship--d4da5e90-7986-4c8a-bfb6-df4c0586ce87,uses,campaign--df8eb785-70f8-4300-b444-277ba849083d,attack-pattern--77d9c726-b53e-481d-8bcc-1068aebfbb9d,ics
relationship--d50a3d89-c8fa-4c5d-813e-f4495d892d1a,uses,malware--75ecdbf1-c2bb-4afc-a3f9-c8da4de8c661,attack-pattern--ead7bd34-186e-4c79-9a4d-b65bcce6ed9d,ics
relationship--d67ae959-9014-4501-b963-42bee03a5e3b,uses,campaign--8fda050f-470d-4401-994e-35c1a6c301de,attack-pattern--63b6942d-8359-4506-bfb3-cf87aa8120ee,ics
relationship--d6a2a1a8-8f5b-4e94-8fce-8edd8a17627a,mitigates,course-of-action--71eb7dad-07eb-4bbc-9df0-ac57bf2fba4a,attack-pattern--5e0f75da-e108-4688-a6de-a4f07cc2cbe3,ics
relationship--d72e7d01-56be-4fbd-8957-3384533ba83b,uses,malware--80099a91-4c86-4bea-9ccb-dac55d61960e,attack-pattern--5a2610f6-9fff-41e1-bc27-575ca20383d4,ics
relationship--d7ea83fa-87c7-4d36-96d5-aee554504040,uses,malware--2eaa5319-5e1e-4dd7-bbc4-566fced3964a,attack-pattern--63b6942d-8359-4506-bfb3-cf87aa8120ee,ics
relationship--d8354850-bd4c-4bd9-a585-b107f5f1398f,uses,malware--80099a91-4c86-4bea-9ccb-dac55d61960e,attack-pattern--5fa00fdd-4a55-4191-94a0-564181d7fec2,ics
relationship--d854cc38-adf7-485d-96b5-70606f6cb87e,mitigates,course-of-action--aadac250-bcdc-44e3-a4ae-f52bd0a7a16a,attack-pattern--e076cca8-2f08-45c9-aff7-ea5ac798b387,ics
relationship--d8911566-f622-4a01-b765-514dbbfd8201,uses,malware--d3aa1058-b1b3-4c29-a3ba-9a9b90ccd93b,attack-pattern--38213338-1aab-479d-949b-c81b66ccca5c,ics
relationship--d8f45959-e0fc-4b4f-a074-a3acea926300,mitigates,course-of-action--d0909119-2f71-4923-87db-b649881672d7,attack-pattern--c267bbee-bb59-47fe-85e0-3ed210337c21,ics
relationship--d90aeeb6-3686-483a-8403-6514ecfe1a50,uses,malware--083bb47b-02c8-4423-81a2-f9ef58572974,attack-pattern--1b22b676-9347-4c55-9a35-ef0dc653db5b,ics
relationship--d9165ecb-bc10-4189-a7e4-057bdf05bf3f,uses,malware--54cc1d4f-5c53-4f0e-9ef5-11b4998e82e4,attack-pattern--648f995e-9c3a-41e4-aeee-98bb41037426,ics
relationship--dbdd9a97-81df-40b8-b72d-ac67d121b8b3,mitigates,course-of-action--c7257b6e-4159-4771-b1f3-2bb93adaecac,attack-pattern--25852363-5968-4673-b81d-341d5ed90bd1,ics
relationship--dc35c44a-a90c-48a1-8811-af2618216e42,mitigates,course-of-action--ddf3e568-f065-49e2-9106-42029a28ddbd,attack-pattern--8d2f3bab-507c-4424-b58b-edc977bd215c,ics
relationship--dc46ffc2-eac7-4491-8d2a-46cf8e2e963f,mitigates,course-of-action--11f242bc-3121-438c-84b2-5cbd46a4bb17,attack-pattern--b9160e77-ea9e-4ba9-b1c8-53a3c466b13d,ics
relationship--dda89758-9d0b-446d-b594-85acc7f9cb90,mitigates,course-of-action--ad12819e-3211-4291-b360-069f280cff0a,attack-pattern--63b6942d-8359-4506-bfb3-cf87aa8120ee,ics
relationship--dded2d68-35c7-42c4-af10-efe7731673e3,mitigates,course-of-action--66cfe23e-34b6-4583-b178-ed6a412db2b0,attack-pattern--5a2610f6-9fff-41e1-bc27-575ca20383d4,ics
relationship--df6da4ec-cbe8-4f93-a41f-3726a9491938,mitigates,course-of-action--52c7a1a9-3a78-4528-a44f-cd7b0fa3541a,attack-pattern--38213338-1aab-479d-949b-c81b66ccca5c,ics
relationship--df88d021-cb8e-482d-9260-445d0a0244ac,uses,campaign--df8eb785-70f8-4300-b444-277ba849083d,attack-pattern--24a9253e-8948-4c98-b751-8e2aee53127c,ics
relationship--dfe43fa1-ffc2-4c6c-a91d-f2ca55f21ccb,uses,malware--088f1d6e-0783-47c6-9923-9c79b2af43d4,attack-pattern--e72425f8-9ae6-41d3-bfdb-e1b865e60722,ics
relationship--e09e253c-fd28-49ae-988e-1f80d769e8b8,mitigates,course-of-action--71eb7dad-07eb-4bbc-9df0-ac57bf2fba4a,attack-pattern--2736b752-4ec5-4421-a230-8977dea7649c,ics
relationship--e0aee02c-b424-4781-be10-793d71594c31,uses,malware--083bb47b-02c8-4423-81a2-f9ef58572974,attack-pattern--648f995e-9c3a-41e4-aeee-98bb41037426,ics
relationship--e0d101cc-1284-4e88-82d6-227fe5d19d8a,mitigates,course-of-action--97f33c84-8508-45b9-8a1d-cac921828c9e,attack-pattern--85a45294-08f1-4539-bf00-7da08aa7b0ee,ics
relationship--e0da1f92-82b1-4096-86c4-1aef58ca89fb,uses,campaign--70cab19e-1745-425e-b3db-c02cd5ff157a,attack-pattern--56ddc820-6cfb-407f-850b-52c035d123ac,ics
relationship--e156609f-c30b-4bf5-8a1b-9689ba778a14,uses,campaign--aa73efef-1418-4dbe-b43c-87a498e97234,attack-pattern--ba203963-3182-41ac-af14-7e7ebc83cd61,ics
relationship--e257913e-40ba-4a05-ba97-0c3175c966b5,uses,malware--088f1d6e-0783-47c6-9923-9c79b2af43d4,attack-pattern--4c2e1408-9d68-4187-8e6b-a77bc52700ec,ics
relationship--e323dee4-a896-4a82-85f5-d51d311b0437,uses,malware--ac61f1f9-7bb1-465e-9b8a-c2ce8e88baf5,attack-pattern--e1f9cdd2-9511-4fca-90d7-f3e92cfdd0bf,ics
relationship--e3923fcf-5580-4c1e-bc55-33f67792cc00,uses,malware--d3aa1058-b1b3-4c29-a3ba-9a9b90ccd93b,attack-pattern--493832d9-cea6-4b63-abe7-9a65a6473675,ics
relationship--e5afc447-a241-4773-9a8a-3d6fd205d926,mitigates,course-of-action--49363b74-d506-4342-bd63-320586ebadb9,attack-pattern--7830cfcf-b268-4ac0-a69e-73c6affbae9a,ics
relationship--e607bb66-e53f-4684-b3f1-36a997e27d01,mitigates,course-of-action--8bc4a54e-810c-4600-8b6c-08fa8413a401,attack-pattern--83ebd22f-b401-4d59-8219-2294172cf916,ics
relationship--e6be2fb4-3815-4e52-8dec-2aed1dc3b7cf,mitigates,course-of-action--e0d38502-decb-481d-ad8b-b8f0a0c330bd,attack-pattern--097924ce-a9a9-4039-8591-e0deedfb8722,ics
relationship--e6e0ef82-2cb6-43fe-8f4a-b9e4d5a57b13,mitigates,course-of-action--1e7ccfc0-94c8-496e-8d27-032120892291,attack-pattern--2883c520-7957-46ca-89bd-dab1ad53b601,ics
relationship--e767c178-e4b2-490a-b544-bb1b2d6c7de4,mitigates,course-of-action--059ba11e-e3dc-49aa-84ca-88197f40d4ea,attack-pattern--32632a95-6856-47b9-9ab7-fea5cd7dce00,ics
relationship--e7c3b02a-a932-4561-b812-5cfadd7f9b2f,uses,campaign--1169ff24-b35f-4d8d-8cf3-643a2834227f,attack-pattern--138979ba-0430-4de6-a128-2fc0b056ba36,ics
relationship--e852e64c-b5e0-4e7f-a189-bbc7aa7932c7,mitigates,course-of-action--f0f5c87a-a58d-440a-b3b5-ca679d98c6dd,attack-pattern--56ddc820-6cfb-407f-850b-52c035d123ac,ics
relationship--e8af0b34-4a67-4966-a34a-c4d1b346ea15,mitigates,course-of-action--3992ce42-43e9-4bea-b8db-a102ec3ec1e3,attack-pattern--25dfc8ad-bd73-4dfd-84a9-3c3d383f76e9,ics
relationship--e8eaac2d-a4bf-408f-b24f-14471db7059b,mitigates,course-of-action--622fe4d4-0e8e-4d17-9c25-6c9cef1f15d5,attack-pattern--493832d9-cea6-4b63-abe7-9a65a6473675,ics
relationship--e9f5096e-b9fc-459a-a303-88763b1269cc,uses,intrusion-set--2a7914cf-dff3-428d-ab0f-1014d1c28aeb,malware--a020a61c-423f-4195-8c46-ba1d21abba37,ics
relationship--ea50253a-3220-458b-b810-ad032f2b182f,uses,malware--80099a91-4c86-4bea-9ccb-dac55d61960e,attack-pattern--9f947a1c-3860-48a8-8af0-a2dfa3efde03,ics
relationship--ea817c7a-9424-4204-90a5-6f8fb86037be,mitigates,course-of-action--86b455f2-fb63-4043-93a8-32a3a7703a02,attack-pattern--cd2c76a4-5e23-4ca5-9c40-d5e0604f7101,ics
relationship--eac550b4-3bd2-4309-8b37-b797dd0bd8a7,mitigates,course-of-action--1e7ccfc0-94c8-496e-8d27-032120892291,attack-pattern--2aa406ed-81c3-4c1d-ba83-cfbee5a2847a,ics
relationship--eaeb3c8d-9d91-4eb0-8049-5cb99e141026,uses,malware--088f1d6e-0783-47c6-9923-9c79b2af43d4,attack-pattern--e1f9cdd2-9511-4fca-90d7-f3e92cfdd0bf,ics
relationship--eb1e05ef-58df-4c6d-acd7-5cc63ff7f44f,uses,intrusion-set--381fcf73-60f6-4ab2-9991-6af3cbc35192,attack-pattern--d67adac8-e3b9-44f9-9e6d-6c2a7d69dbe4,ics
relationship--ebc34374-2dee-4dc1-b0b7-f31ae94dab11,mitigates,course-of-action--c7257b6e-4159-4771-b1f3-2bb93adaecac,attack-pattern--be69c571-d746-4b1f-bdd0-c0c9817e9068,ics
relationship--ec105f62-2552-41fa-8b07-619dc1bf9b19,mitigates,course-of-action--3992ce42-43e9-4bea-b8db-a102ec3ec1e3,attack-pattern--be69c571-d746-4b1f-bdd0-c0c9817e9068,ics
relationship--ecf39e19-439f-4e9a-97c2-673ce4eb0a1a,mitigates,course-of-action--b11cad63-ef30-4eb8-af0d-6cc46eef3f3e,attack-pattern--138979ba-0430-4de6-a128-2fc0b056ba36,ics
relationship--edf73653-b2d7-422f-b433-b6a428ff12d4,uses,malware--2eaa5319-5e1e-4dd7-bbc4-566fced3964a,attack-pattern--2736b752-4ec5-4421-a230-8977dea7649c,ics
relationship--ee1bf429-2c7c-4eb6-acca-e758522baf2e,uses,malware--ac61f1f9-7bb1-465e-9b8a-c2ce8e88baf5,attack-pattern--2dc2b567-8821-49f9-9045-8740f3d0b958,ics
relationship--ee2fdebd-1587-4e53-a7d7-c15fcc88879d,uses,malware--54cc1d4f-5c53-4f0e-9ef5-11b4998e82e4,attack-pattern--cd2c76a4-5e23-4ca5-9c40-d5e0604f7101,ics
relationship--ee89466e-0655-4217-844d-fb8ea4f76247,mitigates,course-of-action--11f242bc-3121-438c-84b2-5cbd46a4bb17,attack-pattern--19a71d1e-6334-4233-8260-b749cae37953,ics
relationship--eecca3e7-4db5-40d4-b04c-13f84701acb3,mitigates,course-of-action--ad12819e-3211-4291-b360-069f280cff0a,attack-pattern--138979ba-0430-4de6-a128-2fc0b056ba36,ics
relationship--eeeaa0d4-0ca0-468e-ae13-43ab7aba61b4,mitigates,course-of-action--2f0160b7-e982-49d7-9612-f19b810f1722,attack-pattern--cd2c76a4-5e23-4ca5-9c40-d5e0604f7101,ics
relationship--eeeff03f-7436-4f76-8591-42075e6647d4,mitigates,course-of-action--e0d38502-decb-481d-ad8b-b8f0a0c330bd,attack-pattern--2883c520-7957-46ca-89bd-dab1ad53b601,ics
relationship--ef615d62-fe85-4740-9c5d-5dddff9b5693,uses,intrusion-set--1c63d4ec-0a75-4daa-b1df-0d11af3d3cc1,attack-pattern--5e0f75da-e108-4688-a6de-a4f07cc2cbe3,ics
relationship--efb80069-e4be-4055-bd34-06d1376b4601,mitigates,course-of-action--3992ce42-43e9-4bea-b8db-a102ec3ec1e3,attack-pattern--5a2610f6-9fff-41e1-bc27-575ca20383d4,ics
relationship--f0ac1d07-fccd-4330-93cf-fbc985ee6fb9,mitigates,course-of-action--aadac250-bcdc-44e3-a4ae-f52bd0a7a16a,attack-pattern--efbf7888-f61b-4572-9c80-7e2965c60707,ics
relationship--f0c81c9f-2fb7-4e7d-98ed-c75e3be7d962,uses,malware--088f1d6e-0783-47c6-9923-9c79b2af43d4,attack-pattern--36e9f5bc-ac13-4da4-a2f4-01f4877d9004,ics
relationship--f0c8a954-c1a0-453a-9c1d-484305abdab2,mitigates,course-of-action--11f242bc-3121-438c-84b2-5cbd46a4bb17,attack-pattern--e1f9cdd2-9511-4fca-90d7-f3e92cfdd0bf,ics
relationship--f130282b-f681-455f-966b-55829842be92,uses,malware--088f1d6e-0783-47c6-9923-9c79b2af43d4,attack-pattern--3b6b9246-43f8-4c69-ad7a-2b11cfe0a0d9,ics
relationship--f15f24d2-e581-46ce-83e4-a924f572aae6,mitigates,course-of-action--1e7ccfc0-94c8-496e-8d27-032120892291,attack-pattern--19a71d1e-6334-4233-8260-b749cae37953,ics
relationship--f20d8eed-b517-4297-b32a-9a5e0845de9f,mitigates,course-of-action--3992ce42-43e9-4bea-b8db-a102ec3ec1e3,attack-pattern--e5de767e-f513-41cd-aa15-33f6ce5fbf92,ics
relationship--f29ecf69-1753-44bb-9b80-1025f49cadda,uses,malware--088f1d6e-0783-47c6-9923-9c79b2af43d4,attack-pattern--38213338-1aab-479d-949b-c81b66ccca5c,ics
relationship--f347b4fe-d829-427d-851a-fff3393441db,uses,malware--e401d4fe-f0c9-44f0-98e6-f93487678808,attack-pattern--2bb4d762-bf4a-4bc3-9318-15cc6a354163,ics
relationship--f40cc6f5-111c-418f-aa84-50d920fa6c48,mitigates,course-of-action--d48b79b2-076d-483e-949c-0d38aa347499,attack-pattern--cfe68e93-ce94-4c0f-a57d-3aa72cedd618,ics
relationship--f45c2df8-30e7-45d0-8067-7b2870767574,mitigates,course-of-action--66cfe23e-34b6-4583-b178-ed6a412db2b0,attack-pattern--3067b85e-271e-4bc5-81ad-ab1a81d411e3,ics
relationship--f497fd3e-8f05-4db2-97cc-48a8d35a8827,mitigates,course-of-action--dc61c280-c29d-44e5-a960-c0dd1623d2ba,attack-pattern--3405891b-16aa-4bd7-bd7c-733501f9b20f,ics
relationship--f584a257-c22a-434b-aa2d-6220987821ab,uses,malware--80099a91-4c86-4bea-9ccb-dac55d61960e,attack-pattern--e076cca8-2f08-45c9-aff7-ea5ac798b387,ics
relationship--f65a8ce8-90fa-4d92-a0dc-3ee544c541fe,uses,intrusion-set--4ca1929c-7d64-4aab-b849-badbfc0c760d,attack-pattern--cd2c76a4-5e23-4ca5-9c40-d5e0604f7101,ics
relationship--f6ff74c2-d088-4252-a8e0-189574863765,mitigates,course-of-action--c7257b6e-4159-4771-b1f3-2bb93adaecac,attack-pattern--9a505987-ab05-4f46-a9a6-6441442eec3b,ics
relationship--f703f8b2-b6b9-41f3-a551-6bb3647c45cc,mitigates,course-of-action--f9fcb3ec-6de0-4559-8cd9-ef1c0c7d1971,attack-pattern--ba203963-3182-41ac-af14-7e7ebc83cd61,ics
relationship--f7c5bd1b-c596-41b2-b415-2bf5179667df,uses,campaign--46421788-b6e1-4256-b351-f8beffd1afba,attack-pattern--b5b9bacb-97f2-4249-b804-47fd44de1f95,ics
relationship--f7c641d2-3528-4b4a-9612-85827eb0fff8,uses,campaign--1169ff24-b35f-4d8d-8cf3-643a2834227f,attack-pattern--b5b9bacb-97f2-4249-b804-47fd44de1f95,ics
relationship--f8318ac4-8ed0-478d-be87-faa2c9d8a740,uses,intrusion-set--4ca1929c-7d64-4aab-b849-badbfc0c760d,attack-pattern--7830cfcf-b268-4ac0-a69e-73c6affbae9a,ics
relationship--f862418a-e7b4-4783-8949-7145f3dee665,mitigates,course-of-action--72e46e53-e12d-4106-9c70-33241b6ed549,attack-pattern--25dfc8ad-bd73-4dfd-84a9-3c3d383f76e9,ics
relationship--f86bde61-c4ec-4d40-9768-32e9b52c1702,mitigates,course-of-action--1cbcceef-3233-4062-aa86-ec91afe39517,attack-pattern--097924ce-a9a9-4039-8591-e0deedfb8722,ics
relationship--f951d934-d555-45e9-a564-27b84518cae4,mitigates,course-of-action--52c7a1a9-3a78-4528-a44f-cd7b0fa3541a,attack-pattern--008b8f56-6107-48be-aa9f-746f927dbb61,ics
relationship--f9aa3364-a1eb-4776-ae03-c39b250545a0,mitigates,course-of-action--bcf91ebc-f316-4e19-b2f6-444e9940c697,attack-pattern--e72425f8-9ae6-41d3-bfdb-e1b865e60722,ics
relationship--f9c29dd4-1c5e-4f7e-b60a-862319a6d0a0,mitigates,course-of-action--71eb7dad-07eb-4bbc-9df0-ac57bf2fba4a,attack-pattern--e72425f8-9ae6-41d3-bfdb-e1b865e60722,ics
relationship--fa1bde35-63d9-4c5c-969b-2c17c29089fa,mitigates,course-of-action--66cfe23e-34b6-4583-b178-ed6a412db2b0,attack-pattern--be69c571-d746-4b1f-bdd0-c0c9817e9068,ics
relationship--fad25140-73de-40d5-a010-3464188db973,mitigates,course-of-action--66cfe23e-34b6-4583-b178-ed6a412db2b0,attack-pattern--fc5fda7e-6b2c-4457-b036-759896a2efa2,ics
relationship--faf163b6-4e35-43d6-9c0c-83d91d215854,uses,malware--931e2489-8078-4f9f-85b2-a9211950e75b,attack-pattern--493832d9-cea6-4b63-abe7-9a65a6473675,ics
relationship--fc4803cb-d6bf-4674-bf40-d4b0997824ba,uses,intrusion-set--190242d7-73fc-4738-af68-20162f7a5aae,attack-pattern--7830cfcf-b268-4ac0-a69e-73c6affbae9a,ics
relationship--fcb7733f-553d-43de-a8c6-c85a5cd65041,mitigates,course-of-action--1e7ccfc0-94c8-496e-8d27-032120892291,attack-pattern--32632a95-6856-47b9-9ab7-fea5cd7dce00,ics
relationship--fcd3fdbf-4909-48ab-85c4-ce4b34172eb0,mitigates,course-of-action--143b4398-3222-480a-b6a4-e131bc2d3144,attack-pattern--7830cfcf-b268-4ac0-a69e-73c6affbae9a,ics
relationship--fd7247a4-b299-4948-a3b0-9b43f4f41ae0,uses,campaign--45a98f02-852f-49b2-94c0-c63207bebbbf,attack-pattern--40b300ba-f553-48bf-862e-9471b220d455,ics
relationship--ff3f0668-98df-44c1-88c2-711f05720eb8,mitigates,course-of-action--e0d38502-decb-481d-ad8b-b8f0a0c330bd,attack-pattern--19a71d1e-6334-4233-8260-b749cae37953,ics
relationship--ffc5bbce-8d9c-4276-9dc6-efed5c01af8b,uses,malware--2eaa5319-5e1e-4dd7-bbc4-566fced3964a,attack-pattern--ead7bd34-186e-4c79-9a4d-b65bcce6ed9d,ics
