id,name,type,external_id,dataset,platforms,domains,tactics,in_degree,out_degree,total_degree,degree_centrality,in_degree_centrality,out_degree_centrality,betweenness_centrality,closeness_centrality,community_id,platform_count,domain_count,tactic_count,name_length,description_length,type_code
course-of-action--0beabf44-e8d8-4ae4-9122-ef56369a2564,Use Recent OS Version,course-of-action,M1006,mobile,,mobile-attack,,0,35,35,0.1206896551724137,0.0,0.1206896551724137,0.0,0.0,1,0,1,0,21,0,2
course-of-action--25dc1ce8-eb55-4333-ae30-a7cb4f5894a1,Application Developer Guidance,course-of-action,M1013,mobile,,enterprise-attack | mobile-attack,,0,7,7,0.0241379310344827,0.0,0.0241379310344827,0.0,0.0,1,0,2,0,30,0,2
course-of-action--649f7268-4c12-483b-ac84-4b7bca9fe2ee,Enterprise Policy,course-of-action,M1012,mobile,,mobile-attack,,0,19,19,0.0655172413793103,0.0,0.0655172413793103,0.0,0.0,1,0,1,0,17,0,2
course-of-action--653492e3-27be-4a0e-b08c-938dd2b7e0e1,User Guidance,course-of-action,M1011,mobile,,mobile-attack,,0,49,49,0.1689655172413793,0.0,0.1689655172413793,0.0,0.0,1,0,1,0,13,0,2
course-of-action--76a32151-5233-465f-a607-7e576c62c932,Do Not Mitigate,course-of-action,M1059,mobile,,mobile-attack,,0,1,1,0.0034482758620689,0.0,0.0034482758620689,0.0,0.0,4,0,1,0,15,0,2
course-of-action--78671282-26aa-486c-a7a5-5921e1616b58,Antivirus/Antimalware,course-of-action,M1058,mobile,,mobile-attack,,0,2,2,0.0068965517241379,0.0,0.0068965517241379,0.0,0.0,2,0,1,0,21,0,2
course-of-action--7b1cf46f-784b-405a-a8dd-4624c19d8321,System Partition Integrity,course-of-action,M1004,mobile,,mobile-attack,,0,7,7,0.0241379310344827,0.0,0.0241379310344827,0.0,0.0,2,0,1,0,26,0,2
course-of-action--8220b57e-c400-4525-bf69-f8edc6b389a8,Encrypt Network Traffic,course-of-action,M1009,mobile,,mobile-attack,,0,2,2,0.0068965517241379,0.0,0.0068965517241379,0.0,0.0,5,0,1,0,23,0,2
course-of-action--8ccd428d-39da-4e8f-a55b-d48ea1d56e58,Lock Bootloader,course-of-action,M1003,mobile,,mobile-attack,,0,3,3,0.0103448275862068,0.0,0.0103448275862068,0.0,0.0,2,0,1,0,15,0,2
course-of-action--bcecd036-f40e-4916-9f8e-fd0ccf0ece8d,Security Updates,course-of-action,M1001,mobile,,mobile-attack,,0,18,18,0.0620689655172413,0.0,0.0620689655172413,0.0,0.0,2,0,1,0,16,0,2
course-of-action--cf2cccb1-cab8-431a-8ecf-f7874d05f433,Deploy Compromised Device Detection Method,course-of-action,M1010,mobile,,mobile-attack,,0,9,9,0.0310344827586206,0.0,0.0310344827586206,0.0,0.0,2,0,1,0,42,0,2
course-of-action--e829ee51-1caf-4665-ba15-7f8979634124,Interconnection Filtering,course-of-action,M1014,mobile,,mobile-attack,,0,2,2,0.0068965517241379,0.0,0.0068965517241379,0.0,0.0,0,0,1,0,25,0,2
course-of-action--ff4821f6-5afb-481b-8c0f-26c28c0d666c,Attestation,course-of-action,M1002,mobile,,mobile-attack,,0,13,13,0.0448275862068965,0.0,0.0448275862068965,0.0,0.0,2,0,1,0,11,0,2
malware--007ebf84-4e14-44c7-a5aa-151d5de85320,CarbonSteal,malware,S0529,mobile,Android,mobile-attack,,0,17,17,0.0586206896551724,0.0,0.0586206896551724,0.0,0.0,0,1,1,0,11,0,4
malware--037f44f0-0c07-4c7f-b40e-0325b5b228a9,Cerberus,malware,S0480,mobile,Android,mobile-attack,,0,18,18,0.0620689655172413,0.0,0.0620689655172413,0.0,0.0,1,1,1,0,8,0,4
malware--05c4f87c-be8f-46ea-8d9a-2a0aad8f52c1,DroidJack,malware,S0320,mobile,Android,mobile-attack,,0,5,5,0.0172413793103448,0.0,0.0172413793103448,0.0,0.0,0,1,1,0,9,0,4
malware--0626c181-93cb-4860-9cb0-dff3b1c13063,Rotexy,malware,S0411,mobile,Android,mobile-attack,,0,16,16,0.0551724137931034,0.0,0.0551724137931034,0.0,0.0,0,1,1,0,6,0,4
malware--085eb36d-697d-4d9a-bac3-96eb879fe73c,Stealth Mango,malware,S0328,mobile,Android,mobile-attack,,0,14,14,0.0482758620689655,0.0,0.0482758620689655,0.0,0.0,0,1,1,0,13,0,4
malware--08784a9d-09e9-4dce-a839-9612398214e8,Allwinner,malware,S0319,mobile,,mobile-attack,,0,1,1,0.0034482758620689,0.0,0.0034482758620689,0.0,0.0,2,0,1,0,9,0,4
malware--0b9c5d11-651a-4378-b129-5c584d0242c5,GoldenEagle,malware,S0551,mobile,,mobile-attack,,0,18,18,0.0620689655172413,0.0,0.0620689655172413,0.0,0.0,0,0,1,0,11,0,4
malware--0ec9593f-3221-49b1-b597-37f307c19f13,FlixOnline,malware,S1103,mobile,Android,mobile-attack,,0,6,6,0.0206896551724137,0.0,0.0206896551724137,0.0,0.0,1,1,1,0,10,0,4
malware--108b2817-bc01-404e-8e1b-8cdeec846326,Bread,malware,S0432,mobile,Android,mobile-attack,,0,9,9,0.0310344827586206,0.0,0.0310344827586206,0.0,0.0,2,1,1,0,5,0,4
malware--1393fb21-d09f-4ce8-96cf-1bcc9881765f,TriangleDB,malware,S1216,mobile,iOS,mobile-attack,,1,12,13,0.0448275862068965,0.0034482758620689,0.0413793103448275,0.0,0.0034482758620689,4,1,1,0,10,0,4
malware--15d78a95-af6a-4b06-8dae-76bedb0ec5a1,Hornbill,malware,S1077,mobile,Android,mobile-attack,,1,21,22,0.0758620689655172,0.0034482758620689,0.0724137931034482,0.0,0.0034482758620689,0,1,1,0,8,0,4
malware--172444ab-97fc-4d94-b142-179452bfb760,Judy,malware,S0325,mobile,,mobile-attack,,0,2,2,0.0068965517241379,0.0,0.0068965517241379,0.0,0.0,2,0,1,0,4,0,4
malware--2074b2ad-612e-4758-adce-7901c1b49bbc,OldBoot,malware,S0285,mobile,,mobile-attack,,0,1,1,0.0034482758620689,0.0,0.0034482758620689,0.0,0.0,2,0,1,0,7,0,4
malware--20d56cd6-8dff-4871-9889-d32d254816de,Gooligan,malware,S0290,mobile,Android,mobile-attack,,0,3,3,0.0103448275862068,0.0,0.0103448275862068,0.0,0.0,2,1,1,0,8,0,4
malware--20dbaf05-59b8-4dc6-8777-0b17f4553a23,SpyNote RAT,malware,S0305,mobile,Android,mobile-attack,,0,6,6,0.0206896551724137,0.0,0.0206896551724137,0.0,0.0,0,1,1,0,11,0,4
malware--21170624-89db-4e99-bf27-58d26be07c3a,TrickMo,malware,S0427,mobile,Android,mobile-attack,,0,17,17,0.0586206896551724,0.0,0.0586206896551724,0.0,0.0,0,1,1,0,7,0,4
malware--21b7e0b0-0dea-4ccc-8ad4-8da51fe3a901,INSOMNIA,malware,S0463,mobile,iOS,mobile-attack,,0,17,17,0.0586206896551724,0.0,0.0586206896551724,0.0,0.0,2,1,1,0,8,0,4
malware--22b596a6-d288-4409-8520-5f2846f85514,Dvmap,malware,S0420,mobile,Android,mobile-attack,,0,7,7,0.0241379310344827,0.0,0.0241379310344827,0.0,0.0,2,1,1,0,5,0,4
malware--22faaa56-a8ac-4292-9be6-b571b255ee40,Zen,malware,S0494,mobile,Android,mobile-attack,,0,8,8,0.0275862068965517,0.0,0.0275862068965517,0.0,0.0,2,1,1,0,3,0,4
malware--23040c15-e7d8-47b5-8c16-8fd3e0e297fe,NotCompatible,malware,S0299,mobile,,mobile-attack,,0,1,1,0.0034482758620689,0.0,0.0034482758620689,0.0,0.0,6,0,1,0,13,0,4
malware--24c8f6db-71e0-41ef-a1dc-83399a5b17e5,AhRat,malware,S1095,mobile,Android,mobile-attack,,0,15,15,0.0517241379310344,0.0,0.0517241379310344,0.0,0.0,0,1,1,0,5,0,4
malware--2740eaf6-2db2-4a40-a63f-f5b166c7059c,XLoader for Android,malware,S0318,mobile,Android,mobile-attack,,0,8,8,0.0275862068965517,0.0,0.0275862068965517,0.0,0.0,0,1,1,0,19,0,4
malware--28e39395-91e7-4f02-b694-5e079c964da9,Trojan-SMS.AndroidOS.FakeInst.a,malware,S0306,mobile,,mobile-attack,,0,1,1,0.0034482758620689,0.0,0.0034482758620689,0.0,0.0,0,0,1,0,31,0,4
malware--29944858-da52-4d3d-b428-f8a6eb8dde6f,XLoader for iOS,malware,S0490,mobile,iOS,mobile-attack,,0,4,4,0.0137931034482758,0.0,0.0137931034482758,0.0,0.0,0,1,1,0,15,0,4
malware--2aec175b-4429-4048-8e09-3ef6cbecfc64,AbstractEmu,malware,S1061,mobile,Android,mobile-attack,,0,23,23,0.0793103448275862,0.0,0.0793103448275862,0.0,0.0,0,1,1,0,11,0,4
malware--2cf00c5a-857d-4cb6-8f03-82f15bee0f6f,Chameleon,malware,S1083,mobile,Android,mobile-attack,,0,26,26,0.0896551724137931,0.0,0.0896551724137931,0.0,0.0,1,1,1,0,9,0,4
malware--3049b2f2-e323-4cdb-91cb-13b37b904cbb,Exodus,malware,S0405,mobile,Android,mobile-attack,,0,19,19,0.0655172413793103,0.0,0.0655172413793103,0.0,0.0,0,1,1,0,6,0,4
malware--317a2c10-d489-431e-b6b2-f0251fddc88e,Dendroid,malware,S0301,mobile,Android,mobile-attack,,0,8,8,0.0275862068965517,0.0,0.0275862068965517,0.0,0.0,0,1,1,0,8,0,4
malware--326eaf7b-5784-4f08-8fc2-61fd5d5bc5fb,WireLurker,malware,S0312,mobile,,mobile-attack,,0,2,2,0.0068965517241379,0.0,0.0068965517241379,0.0,0.0,1,0,1,0,10,0,4
malware--3271c107-92c4-442e-9506-e76d62230ee8,Desert Scorpion,malware,S0505,mobile,Android,mobile-attack,,1,17,18,0.0620689655172413,0.0034482758620689,0.0586206896551724,0.0003877222288509,0.0034482758620689,0,1,1,0,15,0,4
malware--33d9d91d-aad9-49d5-a516-220ce101ac8a,Pegasus for iOS,malware,S0289,mobile,iOS,mobile-attack,,0,15,15,0.0517241379310344,0.0,0.0517241379310344,0.0,0.0,2,1,1,0,15,0,4
malware--35aae10a-97c5-471a-9c67-02c231a7a31a,Tangelo,malware,S0329,mobile,iOS,mobile-attack,,0,7,7,0.0241379310344827,0.0,0.0241379310344827,0.0,0.0,0,1,1,0,7,0,4
malware--363bc05d-13cb-4e98-a5b7-e250f2bbdc2b,RCSAndroid,malware,S0295,mobile,Android,mobile-attack,,0,9,9,0.0310344827586206,0.0,0.0310344827586206,0.0,0.0,3,1,1,0,10,0,4
malware--366c800f-97a8-48d5-b0a6-79d00198252a,Corona Updates,malware,S0425,mobile,Android,mobile-attack,,0,15,15,0.0517241379310344,0.0,0.0517241379310344,0.0,0.0,0,1,1,0,14,0,4
malware--3a913bac-4fae-4d0e-bca8-cae452f1599b,Skygofree,malware,S0327,mobile,Android,mobile-attack,,0,8,8,0.0275862068965517,0.0,0.0275862068965517,0.0,0.0,3,1,1,0,9,0,4
malware--3bc1f0ad-ef11-4afc-83c0-fcffe08d4e50,KeyRaider,malware,S0288,mobile,,mobile-attack,,0,2,2,0.0068965517241379,0.0,0.0068965517241379,0.0,0.0,5,0,1,0,9,0,4
malware--3c3b55a6-c3e9-4043-8aae-283fe96220c0,ZergHelper,malware,S0287,mobile,,mobile-attack,,0,1,1,0.0034482758620689,0.0,0.0034482758620689,0.0,0.0,2,0,1,0,10,0,4
malware--3cf81957-489a-469f-b013-362d548a96c1,CherryBlos,malware,S1225,mobile,Android,mobile-attack,,0,13,13,0.0448275862068965,0.0,0.0448275862068965,0.0,0.0,1,1,1,0,10,0,4
malware--3d6c4389-3489-40a3-beda-c56e650b6f68,DoubleAgent,malware,S0550,mobile,Android,mobile-attack,,0,18,18,0.0620689655172413,0.0,0.0620689655172413,0.0,0.0,2,1,1,0,11,0,4
malware--41e3fd01-7b83-471f-835d-d2b1dc9a770c,Twitoor,malware,S0302,mobile,Android,mobile-attack,,0,3,3,0.0103448275862068,0.0,0.0103448275862068,0.0,0.0,0,1,1,0,7,0,4
malware--429e1526-6293-495b-8808-af7f9a66c4be,Fakecalls,malware,S1080,mobile,Android,mobile-attack,,0,11,11,0.0379310344827586,0.0,0.0379310344827586,0.0,0.0,0,1,1,0,9,0,4
malware--4b53eb01-57d7-47b4-b078-22766b002b36,S.O.V.A.,malware,S1062,mobile,Android,mobile-attack,,0,19,19,0.0655172413793103,0.0,0.0655172413793103,0.0,0.0,1,1,1,0,8,0,4
malware--4bf6ba32-4165-42c1-b911-9c36165891c8,ANDROIDOS_ANSERVER.A,malware,S0310,mobile,Android,mobile-attack,,0,3,3,0.0103448275862068,0.0,0.0103448275862068,0.0,0.0,0,1,1,0,20,0,4
malware--507fe748-5e4a-4b45-9e9f-8b1115f4e878,DualToy,malware,S0315,mobile,,mobile-attack,,0,2,2,0.0068965517241379,0.0,0.0068965517241379,0.0,0.0,1,0,1,0,7,0,4
malware--52c994fa-b6c8-45a8-9586-a4275cf19307,Mandrake,malware,S0485,mobile,Android,mobile-attack,,0,25,25,0.0862068965517241,0.0,0.0862068965517241,0.0,0.0,1,1,1,0,8,0,4
malware--55714f87-6178-4b89-b3e5-d3a643f647ca,HilalRAT,malware,S1128,mobile,Android,mobile-attack,,1,6,7,0.0241379310344827,0.0034482758620689,0.0206896551724137,0.0002430497553991,0.0034482758620689,3,1,1,0,8,0,4
malware--56660521-6db4-4e5a-a927-464f22954b7c,X-Agent for Android,malware,S0314,mobile,,mobile-attack,,1,2,3,0.0103448275862068,0.0034482758620689,0.0068965517241379,0.0,0.0034482758620689,0,0,1,0,19,0,4
malware--5a5dca4c-03c1-4b99-bfcf-c206e20aa663,DEFENSOR ID,malware,S0479,mobile,Android,mobile-attack,,0,5,5,0.0172413793103448,0.0,0.0172413793103448,0.0,0.0,1,1,1,0,11,0,4
malware--5aff44ab-5a41-49bb-b5d1-b4876d0437f4,BRATA,malware,S1094,mobile,Android,mobile-attack,,0,27,27,0.093103448275862,0.0,0.093103448275862,0.0,0.0,1,1,1,0,5,0,4
malware--5b5d1e6c-e7de-4b46-ab8f-8556e8745927,LightSpy,malware,S1185,mobile,Android | Windows | iOS | macOS,enterprise-attack | mobile-attack,,1,35,36,0.1241379310344827,0.0034482758620689,0.1206896551724137,0.0,0.0034482758620689,2,4,2,0,8,0,4
malware--5ddf81ea-2c06-497b-8c30-5f1ab89a40f9,MazarBOT,malware,S0303,mobile,,mobile-attack,,0,2,2,0.0068965517241379,0.0,0.0068965517241379,0.0,0.0,2,0,1,0,8,0,4
malware--6146be90-470c-4049-bb3a-9986b8ffb65b,Ginp,malware,S0423,mobile,Android,mobile-attack,,0,12,12,0.0413793103448275,0.0,0.0413793103448275,0.0,0.0,1,1,1,0,4,0,4
malware--6447e3a1-ef4d-44b1-99d5-6b1c4888674f,HummingWhale,malware,S0321,mobile,,mobile-attack,,0,1,1,0.0034482758620689,0.0,0.0034482758620689,0.0,0.0,2,0,1,0,12,0,4
malware--680f680c-eef9-4f8a-b5f5-f451bf47e403,eSurv,malware,S0507,mobile,Android | iOS,mobile-attack,,0,10,10,0.0344827586206896,0.0,0.0344827586206896,0.0,0.0,0,2,1,0,5,0,4
malware--68156e5a-4c3a-46dd-9c5e-c0bfdec6651f,TangleBot,malware,S1069,mobile,Android,mobile-attack,,0,12,12,0.0413793103448275,0.0,0.0413793103448275,0.0,0.0,0,1,1,0,9,0,4
malware--6a7aaab1-3e0a-48bb-ba66-bbf7665c0a65,Monokle,malware,S0407,mobile,Android,mobile-attack,,0,24,24,0.0827586206896551,0.0,0.0827586206896551,0.0,0.0,0,1,1,0,7,0,4
malware--6ceb0644-0ae9-4ee1-a659-3888687cb03b,RatMilad,malware,S1241,mobile,Android,mobile-attack,,0,18,18,0.0620689655172413,0.0,0.0620689655172413,0.0,0.0,0,1,1,0,8,0,4
malware--6d5c257d-e6de-4c95-a7e8-09ac9386007d,DCHSpy,malware,S1243,mobile,Android,mobile-attack,,1,12,13,0.0448275862068965,0.0034482758620689,0.0413793103448275,0.0,0.0034482758620689,0,1,1,0,6,0,4
malware--6e282bbf-5f32-476a-b879-ba77eec463c8,Red Alert 2.0,malware,S0539,mobile,Android,mobile-attack,,0,13,13,0.0448275862068965,0.0,0.0448275862068965,0.0,0.0,0,1,1,0,13,0,4
malware--6fcaf9b0-b509-4644-9f93-556222c81ed2,ViceLeaker,malware,S0418,mobile,Android,mobile-attack,,0,14,14,0.0482758620689655,0.0,0.0482758620689655,0.0,0.0,0,1,1,0,10,0,4
malware--8338393c-cb2e-4ee6-b944-34672499c785,FlyTrap,malware,S1093,mobile,Android,mobile-attack,,0,7,7,0.0241379310344827,0.0,0.0241379310344827,0.0,0.0,0,1,1,0,7,0,4
malware--838f647e-8ff8-48bd-bbd5-613cee7736cb,FakeSpy,malware,S0509,mobile,Android,mobile-attack,,0,15,15,0.0517241379310344,0.0,0.0517241379310344,0.0,0.0,0,1,1,0,7,0,4
malware--86fc6f0c-86d9-473e-89f3-f50f3cb9319b,SpyDealer,malware,S0324,mobile,Android,mobile-attack,,0,14,14,0.0482758620689655,0.0,0.0482758620689655,0.0,0.0,0,1,1,0,9,0,4
malware--89c3dbf6-f281-41b7-be1d-a0e641014853,Concipit1248,malware,S0426,mobile,iOS,mobile-attack,,0,3,3,0.0103448275862068,0.0,0.0103448275862068,0.0,0.0,0,1,1,0,12,0,4
malware--936be60d-90eb-4c36-9247-4b31128432c4,RuMMS,malware,S0313,mobile,,mobile-attack,,0,4,4,0.0137931034482758,0.0,0.0137931034482758,0.0,0.0,0,0,1,0,5,0,4
malware--93799a9d-3537-43d8-b6f4-17215de1657c,Pegasus for Android,malware,S0316,mobile,Android,mobile-attack,,0,14,14,0.0482758620689655,0.0,0.0482758620689655,0.0,0.0,0,1,1,0,19,0,4
malware--95811c0a-abe0-4e7f-a0cc-b0662ced5807,SpyC23,malware,S1195,mobile,Android,mobile-attack,,1,21,22,0.0758620689655172,0.0034482758620689,0.0724137931034482,0.0006177514616394,0.0034482758620689,1,1,1,0,6,0,4
malware--96ea1e13-d50f-45f1-b0cf-4ac9bc5a2d62,FrozenCell,malware,S0577,mobile,Android,mobile-attack,,1,11,12,0.0413793103448275,0.0034482758620689,0.0379310344827586,0.000122971602434,0.0034482758620689,0,1,1,0,10,0,4
malware--9b86f8c3-33ab-44cf-a66d-c0fd6070e2ce,AndroidOS/MalLocker.B,malware,S0524,mobile,Android,mobile-attack,,0,4,4,0.0137931034482758,0.0,0.0137931034482758,0.0,0.0,7,1,1,0,21,0,4
malware--9cd72f5c-bec0-4f7e-bb6d-296937116291,SharkBot,malware,S1055,mobile,Android,mobile-attack,,0,18,18,0.0620689655172413,0.0,0.0620689655172413,0.0,0.0,1,1,1,0,8,0,4
malware--9ed10b5a-ff20-467f-bf2f-d3fbf763e381,RedDrop,malware,S0326,mobile,Android,mobile-attack,,0,9,9,0.0310344827586206,0.0,0.0310344827586206,0.0,0.0,0,1,1,0,7,0,4
malware--a0d774e4-bafc-4292-8651-3ec899391341,CHEMISTGAMES,malware,S0555,mobile,Android,mobile-attack,,1,11,12,0.0413793103448275,0.0034482758620689,0.0379310344827586,0.0,0.0034482758620689,2,1,1,0,12,0,4
malware--a15c9357-2be0-4836-beec-594f28b9b4a9,YiSpecter,malware,S0311,mobile,Android | iOS,mobile-attack,,0,12,12,0.0413793103448275,0.0,0.0413793103448275,0.0,0.0,2,2,1,0,9,0,4
malware--a1867c56-8c86-455a-96ad-b0d5f7e2bc17,Trojan-SMS.AndroidOS.Agent.ao,malware,S0307,mobile,,mobile-attack,,0,1,1,0.0034482758620689,0.0,0.0034482758620689,0.0,0.0,0,0,1,0,29,0,4
malware--a2ee7d2d-fb45-44f3-8f67-9921c7810db1,BOULDSPY,malware,S1079,mobile,Android,mobile-attack,,0,25,25,0.0862068965517241,0.0,0.0862068965517241,0.0,0.0,0,1,1,0,8,0,4
malware--a3c59d82-2c7c-44e5-a869-68e0a3e5935e,Anubis,malware,S0422,mobile,Android,mobile-attack,,0,21,21,0.0724137931034482,0.0,0.0724137931034482,0.0,0.0,1,1,1,0,6,0,4
malware--a3dad2be-ce62-4440-953b-00fbce7aba93,AndroRAT,malware,S0292,mobile,Android,mobile-attack,,0,10,10,0.0344827586206896,0.0,0.0344827586206896,0.0,0.0,0,1,1,0,8,0,4
malware--a5528622-3a8a-4633-86ce-8cdaf8423858,FinFisher,malware,S0182,mobile,Windows | Android,enterprise-attack | mobile-attack,,1,5,6,0.0206896551724137,0.0034482758620689,0.0172413793103448,0.0,0.0034482758620689,0,2,2,0,9,0,4
malware--a6228601-03f6-4949-ae22-c1087627a637,Agent Smith,malware,S0440,mobile,Android,mobile-attack,,0,9,9,0.0310344827586206,0.0,0.0310344827586206,0.0,0.0,2,1,1,0,11,0,4
malware--a76b837b-93cc-417d-bf28-c47a6a284fa4,Asacub,malware,S0540,mobile,Android,mobile-attack,,0,12,12,0.0413793103448275,0.0,0.0413793103448275,0.0,0.0,0,1,1,0,6,0,4
malware--a993495c-9813-4372-b9ec-d168c7f7ec0a,GPlayed,malware,S0536,mobile,Android,mobile-attack,,0,18,18,0.0620689655172413,0.0,0.0620689655172413,0.0,0.0,0,1,1,0,7,0,4
malware--aecc0097-c9f8-4786-9b39-e891ff173f54,EventBot,malware,S0478,mobile,Android,mobile-attack,,0,14,14,0.0482758620689655,0.0,0.0482758620689655,0.0,0.0,0,1,1,0,8,0,4
malware--aef537ba-10c2-40ed-a57a-80b8508aada4,HenBox,malware,S0544,mobile,Android,mobile-attack,,0,17,17,0.0586206896551724,0.0,0.0586206896551724,0.0,0.0,2,1,1,0,6,0,4
malware--b0a243dd-8075-42f9-86f6-64989600ed20,Binary Validator,malware,S1215,mobile,iOS,mobile-attack,,1,7,8,0.0275862068965517,0.0034482758620689,0.0241379310344827,0.0,0.0034482758620689,0,1,1,0,16,0,4
malware--bf064476-25b8-493c-a1e7-dd707b3f7f52,GodFather,malware,S1231,mobile,Android,mobile-attack,,0,26,26,0.0896551724137931,0.0,0.0896551724137931,0.0,0.0,1,1,1,0,9,0,4
malware--c0efbaae-9e7d-4716-a92d-68373aac7424,Riltok,malware,S0403,mobile,Android,mobile-attack,,0,8,8,0.0275862068965517,0.0,0.0275862068965517,0.0,0.0,0,1,1,0,6,0,4
malware--c19cfc89-5ac6-4d2d-a236-70d2b32e007c,GolfSpy,malware,S0421,mobile,Android,mobile-attack,,1,17,18,0.0620689655172413,0.0034482758620689,0.0586206896551724,0.0,0.0034482758620689,0,1,1,0,7,0,4
malware--c41a8b7c-3e42-4eee-b87d-ad8a100ee878,Pallas,malware,S0399,mobile,Android,mobile-attack,,1,14,15,0.0517241379310344,0.0034482758620689,0.0482758620689655,0.0,0.0034482758620689,0,1,1,0,6,0,4
malware--c6a07c89-a24c-4c7e-9e3e-6153cc595e24,Circles,malware,S0602,mobile,,mobile-attack,,0,1,1,0.0034482758620689,0.0,0.0034482758620689,0.0,0.0,0,0,1,0,7,0,4
malware--c6abcaf8-1765-41f8-9fe5-03d42fd0f6c0,Tiktok Pro,malware,S0558,mobile,Android,mobile-attack,,0,20,20,0.0689655172413793,0.0,0.0689655172413793,0.0,0.0,0,1,1,0,10,0,4
malware--c709da93-20c3-4d17-ab68-48cba76b2137,PJApps,malware,S0291,mobile,,mobile-attack,,0,3,3,0.0103448275862068,0.0,0.0103448275862068,0.0,0.0,0,0,1,0,6,0,4
malware--c80a6bef-b3ce-44d0-b113-946e93124898,ShiftyBug,malware,S0294,mobile,,mobile-attack,,0,2,2,0.0068965517241379,0.0,0.0068965517241379,0.0,0.0,2,0,1,0,9,0,4
malware--c8770c81-c29f-40d2-a140-38544206b2b4,HummingBad,malware,S0322,mobile,,mobile-attack,,0,2,2,0.0068965517241379,0.0,0.0068965517241379,0.0,0.0,2,0,1,0,10,0,4
malware--c91cec55-634c-4670-ba10-2dc7ceb28e98,Exobot,malware,S0522,mobile,Android,mobile-attack,,0,15,15,0.0517241379310344,0.0,0.0517241379310344,0.0,0.0,1,1,1,0,6,0,4
malware--ca4f63b9-a358-4214-bb26-8c912318cfde,OBAD,malware,S0286,mobile,,mobile-attack,,0,2,2,0.0068965517241379,0.0,0.0068965517241379,0.0,0.0,2,0,1,0,4,0,4
malware--cfe91950-c01f-4e1f-ada1-7ac9b4f79fd4,FjordPhantom,malware,S1208,mobile,Android,mobile-attack,,0,5,5,0.0172413793103448,0.0,0.0172413793103448,0.0,0.0,1,1,1,0,12,0,4
malware--d05f7357-4cbe-47ea-bf83-b8604226d533,Android/Chuli.A,malware,S0304,mobile,Android,mobile-attack,,0,7,7,0.0241379310344827,0.0,0.0241379310344827,0.0,0.0,0,1,1,0,15,0,4
malware--d1c600f8-0fb6-4367-921b-85b71947d950,Charger,malware,S0323,mobile,Android,mobile-attack,,0,4,4,0.0137931034482758,0.0,0.0137931034482758,0.0,0.0,2,1,1,0,7,0,4
malware--d6e009b7-df5e-447a-bfd2-d5b77374edfe,Drinik,malware,S1054,mobile,Android,mobile-attack,,0,14,14,0.0482758620689655,0.0,0.0482758620689655,0.0,0.0,1,1,1,0,6,0,4
malware--d89c132d-7752-4c7f-9372-954a71522985,Trojan-SMS.AndroidOS.OpFake.a,malware,S0308,mobile,,mobile-attack,,0,1,1,0.0034482758620689,0.0,0.0034482758620689,0.0,0.0,0,0,1,0,29,0,4
malware--d9e07aea-baad-4b68-bdca-90c77647d7f9,XcodeGhost,malware,S0297,mobile,,mobile-attack,,0,3,3,0.0103448275862068,0.0,0.0103448275862068,0.0,0.0,3,0,1,0,10,0,4
malware--ddbe5657-e21e-4a89-8221-2f1362d397ec,SilkBean,malware,S0549,mobile,Android,mobile-attack,,0,15,15,0.0517241379310344,0.0,0.0517241379310344,0.0,0.0,0,1,1,0,8,0,4
malware--dfdac962-9461-47f0-a212-36dfce2a97e6,WolfRAT,malware,S0489,mobile,Android,mobile-attack,,0,17,17,0.0586206896551724,0.0,0.0586206896551724,0.0,0.0,0,1,1,0,7,0,4
malware--e110f94a-e2c5-4f5f-ba78-9c2ab6d2d9e4,BusyGasper,malware,S0655,mobile,Android,mobile-attack,,0,18,18,0.0620689655172413,0.0,0.0620689655172413,0.0,0.0,3,1,1,0,10,0,4
malware--e13d084c-382f-40fd-aa9a-98d69e20301e,BrainTest,malware,S0293,mobile,,mobile-attack,,0,5,5,0.0172413793103448,0.0,0.0172413793103448,0.0,0.0,2,0,1,0,9,0,4
malware--e296b110-46d3-4f7a-894c-cc71ea50168c,TERRACOTTA,malware,S0545,mobile,Android,mobile-attack,,0,15,15,0.0517241379310344,0.0,0.0517241379310344,0.0,0.0,1,1,1,0,10,0,4
malware--ec13d292-6d8d-4c7a-b07c-a2bd2402569a,Escobar,malware,S1092,mobile,Android,mobile-attack,,0,16,16,0.0551724137931034,0.0,0.0551724137931034,0.0,0.0,1,1,1,0,7,0,4
malware--f082d7dd-20a9-4157-93c0-75e7aea09e42,Android/SpyAgent,malware,S1214,mobile,Android,mobile-attack,,0,8,8,0.0275862068965517,0.0,0.0275862068965517,0.0,0.0,0,1,1,0,16,0,4
malware--f082fc59-0317-49cf-971f-a1b6296ebb52,Triada,malware,S0424,mobile,Android,mobile-attack,,0,8,8,0.0275862068965517,0.0,0.0275862068965517,0.0,0.0,2,1,1,0,6,0,4
malware--f3975cc0-72bc-4308-836e-ac701b83860e,Golden Cup,malware,S0535,mobile,Android,mobile-attack,,0,13,13,0.0448275862068965,0.0,0.0448275862068965,0.0,0.0,0,1,1,0,10,0,4
malware--f5ff006c-702f-4ded-8e60-ca6c540d91bc,FluBot,malware,S1067,mobile,Android,mobile-attack,,0,17,17,0.0586206896551724,0.0,0.0586206896551724,0.0,0.0,1,1,1,0,6,0,4
malware--f666e17c-b290-43b3-8947-b96bd5148fbb,ViperRAT,malware,S0506,mobile,Android,mobile-attack,,0,13,13,0.0448275862068965,0.0,0.0448275862068965,0.0,0.0,0,1,1,0,8,0,4
malware--f6ac21b6-2592-400c-8472-10d0e2f1bfaf,Adups,malware,S0309,mobile,,mobile-attack,,0,5,5,0.0172413793103448,0.0,0.0172413793103448,0.0,0.0,0,0,1,0,5,0,4
malware--f79c01eb-2954-40d8-a819-00b342f47ce7,SimBad,malware,S0419,mobile,Android,mobile-attack,,0,4,4,0.0137931034482758,0.0,0.0137931034482758,0.0,0.0,2,1,1,0,6,0,4
malware--f7e7b736-2cff-4c2a-9232-352cd383463a,Android/AdDisplay.Ashas,malware,S0525,mobile,Android,mobile-attack,,0,9,9,0.0310344827586206,0.0,0.0310344827586206,0.0,0.0,0,1,1,0,23,0,4
malware--f97e2718-af50-41df-811f-215ebab45691,Phenakite,malware,S1126,mobile,iOS,mobile-attack,,1,10,11,0.0379310344827586,0.0034482758620689,0.0344827586206896,0.000156246271328,0.0034482758620689,0,1,1,0,9,0,4
malware--fd6d56b2-d84e-4d2a-b37d-d4678d3e08a6,TianySpy,malware,S1056,mobile,Android | iOS,mobile-attack,,0,9,9,0.0310344827586206,0.0,0.0310344827586206,0.0,0.0,0,2,1,0,8,0,4
malware--feae299d-e34f-4fc9-8545-486d0905bd41,Sunbird,malware,S1082,mobile,Android,mobile-attack,,1,17,18,0.0620689655172413,0.0034482758620689,0.0586206896551724,0.0,0.0034482758620689,0,1,1,0,7,0,4
malware--ff742eeb-1f90-4f5a-8b92-9d40fffd99ca,DressCode,malware,S0300,mobile,,mobile-attack,,0,1,1,0.0034482758620689,0.0,0.0034482758620689,0.0,0.0,6,0,1,0,9,0,4
malware--ff8e0c38-be47-410f-a2d3-a3d24a87c617,Gustuff,malware,S0406,mobile,Android,mobile-attack,,0,15,15,0.0517241379310344,0.0,0.0517241379310344,0.0,0.0,1,1,1,0,7,0,4
tool--1622fd3d-fcfc-4d02-ac49-f2d786f79b81,FlexiSpy,tool,S0408,mobile,Android,mobile-attack,,0,18,18,0.0620689655172413,0.0,0.0620689655172413,0.0,0.0,0,1,1,0,8,0,5
tool--da21929e-40c0-443d-bdf4-6b60d15448b4,Xbot,tool,S0298,mobile,,mobile-attack,,0,4,4,0.0137931034482758,0.0,0.0137931034482758,0.0,0.0,1,0,1,0,4,0,5
x-mitre-tactic--0a93fd8e-4a83-4c15-8203-db290e5f2ac6,Initial Access,x-mitre-tactic,TA0027,mobile,,mobile-attack,,0,0,0,0.0,0.0,0.0,0.0,0.0,8,0,1,0,14,0,6
x-mitre-tactic--10fa8d8d-1b04-4176-917e-738724239981,Exfiltration,x-mitre-tactic,TA0036,mobile,,mobile-attack,,0,0,0,0.0,0.0,0.0,0.0,0.0,9,0,1,0,12,0,6
x-mitre-tactic--363bbeff-bb2a-4734-ac74-d6d37202fe54,Persistence,x-mitre-tactic,TA0028,mobile,,mobile-attack,,0,0,0,0.0,0.0,0.0,0.0,0.0,10,0,1,0,11,0,6
x-mitre-tactic--3e962de5-3280-43b7-bc10-334fbc1d6fa8,Privilege Escalation,x-mitre-tactic,TA0029,mobile,,mobile-attack,,0,0,0,0.0,0.0,0.0,0.0,0.0,11,0,1,0,20,0,6
x-mitre-tactic--3f660805-fa2e-42e8-8851-57f9e9b653e3,Command and Control,x-mitre-tactic,TA0037,mobile,,mobile-attack,,0,0,0,0.0,0.0,0.0,0.0,0.0,12,0,1,0,19,0,6
x-mitre-tactic--4a800987-a3a8-4d56-a1bd-0d7171431756,Execution,x-mitre-tactic,TA0041,mobile,,mobile-attack,,0,0,0,0.0,0.0,0.0,0.0,0.0,13,0,1,0,9,0,6
x-mitre-tactic--6ebce653-294a-444a-bffb-14c04c8d137e,Impact,x-mitre-tactic,TA0034,mobile,,mobile-attack,,0,0,0,0.0,0.0,0.0,0.0,0.0,14,0,1,0,6,0,6
x-mitre-tactic--6fcb36b8-3776-483b-8699-42215714fb10,Credential Access,x-mitre-tactic,TA0031,mobile,,mobile-attack,,0,0,0,0.0,0.0,0.0,0.0,0.0,15,0,1,0,17,0,6
x-mitre-tactic--7a0d25d3-f0c0-40bf-bf90-c743871b19ba,Collection,x-mitre-tactic,TA0035,mobile,,mobile-attack,,0,0,0,0.0,0.0,0.0,0.0,0.0,16,0,1,0,10,0,6
x-mitre-tactic--7be441c2-0095-4b1e-8125-fa8ffda29b0f,Lateral Movement,x-mitre-tactic,TA0033,mobile,,mobile-attack,,0,0,0,0.0,0.0,0.0,0.0,0.0,17,0,1,0,16,0,6
x-mitre-tactic--987cda6d-eb77-406b-bf68-bcb5f3d2e1df,Defense Evasion,x-mitre-tactic,TA0030,mobile,,mobile-attack,,0,0,0,0.0,0.0,0.0,0.0,0.0,18,0,1,0,15,0,6
x-mitre-tactic--d418cdeb-1b9f-4a6b-a15d-2f89f549f8c1,Discovery,x-mitre-tactic,TA0032,mobile,,mobile-attack,,0,0,0,0.0,0.0,0.0,0.0,0.0,19,0,1,0,9,0,6
attack-pattern--00290ac5-551e-44aa-bbd8-c4b913488a6d,Scheduled Task/Job,attack-pattern,T1603,mobile,Android | iOS,mobile-attack,execution | persistence,5,0,5,0.0172413793103448,0.0172413793103448,0.0,0.0,0.0172413793103448,1,2,1,2,18,0,0
attack-pattern--08e22979-d320-48ed-8711-e7bf94aabb13,Adversary-in-the-Middle,attack-pattern,T1638,mobile,Android | iOS,mobile-attack,collection,5,0,5,0.0172413793103448,0.0172413793103448,0.0,0.0,0.0172413793103448,5,2,1,1,23,0,0
attack-pattern--08ea902d-ecb5-47ed-a453-2798057bb2d3,Abuse Elevation Control Mechanism,attack-pattern,T1626,mobile,Android,mobile-attack,privilege-escalation,2,0,2,0.0068965517241379,0.0068965517241379,0.0,0.0,0.0233103448275862,1,1,1,1,33,0,0
attack-pattern--0b761f2b-197a-40f2-b100-8152cb957c0c,Remote Access Software,attack-pattern,T1663,mobile,Android | iOS,mobile-attack,command-and-control,4,0,4,0.0137931034482758,0.0137931034482758,0.0,0.0,0.0137931034482758,1,2,1,1,22,0,0
attack-pattern--0cdd66ad-26ac-4338-a764-4972a1e17ee3,Uninstall Malicious Application,attack-pattern,T1630.001,mobile,Android,mobile-attack,defense-evasion,9,1,10,0.0344827586206896,0.0310344827586206,0.0034482758620689,6.94427872568906e-05,0.0310344827586206,1,1,1,1,31,0,0
attack-pattern--0d4e3bbb-7af5-4c88-a215-0c0906bc1e8d,Indicator Removal on Host,attack-pattern,T1630,mobile,iOS | Android,mobile-attack,defense-evasion,9,0,9,0.0310344827586206,0.0310344827586206,0.0,0.0,0.068415792103948,1,2,1,1,25,0,0
attack-pattern--0d95940f-9583-4e0f-824c-a42c1be47fad,Supply Chain Compromise,attack-pattern,T1474,mobile,Android | iOS,mobile-attack,initial-access,5,0,5,0.0172413793103448,0.0172413793103448,0.0,0.0,0.0264890282131661,2,2,1,1,23,0,0
attack-pattern--0f4fb01b-d57a-4375-b7a2-342c9d3248f7,Impersonate SS7 Nodes,attack-pattern,T1430.002,mobile,Android | iOS,mobile-attack,collection | discovery,2,1,3,0.0103448275862068,0.0068965517241379,0.0034482758620689,3.47213936284453e-05,0.0068965517241379,0,2,1,2,21,0,0
attack-pattern--114fed8b-7eed-4136-8b9c-411c5c7fff4b,Match Legitimate Name or Location,attack-pattern,T1655.001,mobile,Android | iOS,mobile-attack,defense-evasion,45,1,46,0.1586206896551724,0.1551724137931034,0.0034482758620689,0.0006944278725689,0.1562134027325959,0,2,1,1,33,0,0
attack-pattern--11c2c2b7-1fd4-408f-bc2e-fe772ef9df5e,Protected User Data,attack-pattern,T1636,mobile,Android | iOS,mobile-attack,collection,7,0,7,0.0241379310344827,0.0241379310344827,0.0,0.0,0.1620689655172413,1,2,1,1,19,0,0
attack-pattern--16d73b64-5681-4ea0-9af4-4ad86f7c96e8,Asymmetric Cryptography,attack-pattern,T1521.002,mobile,Android | iOS,mobile-attack,command-and-control,8,1,9,0.0310344827586206,0.0275862068965517,0.0034482758620689,0.0001041641808853,0.0279310344827586,4,2,1,1,23,0,0
attack-pattern--198ce408-1470-45ee-b47f-7056050d4fc2,Software Discovery,attack-pattern,T1418,mobile,Android | iOS,mobile-attack,discovery,52,0,52,0.1793103448275862,0.1793103448275862,0.0,0.0,0.1825557809330628,0,2,1,1,18,0,0
attack-pattern--1b51f5bc-b97a-498a-8dbd-bc6b1901bf19,Process Discovery,attack-pattern,T1424,mobile,Android | iOS,mobile-attack,discovery,15,0,15,0.0517241379310344,0.0517241379310344,0.0,0.0,0.0524500907441016,2,2,1,1,17,0,0
attack-pattern--1d1b1558-c833-482e-aabb-d07ef6eae63d,Call Log,attack-pattern,T1636.002,mobile,Android | iOS,mobile-attack,collection,40,1,41,0.1413793103448276,0.1379310344827586,0.0034482758620689,0.0002068816370361,0.1403183023872679,0,2,1,1,8,0,0
attack-pattern--1d44f529-6fe6-489f-8a01-6261ac43f05e,Security Software Discovery,attack-pattern,T1418.001,mobile,Android | iOS,mobile-attack,discovery,5,1,6,0.0206896551724137,0.0172413793103448,0.0034482758620689,3.47213936284453e-05,0.0172413793103448,1,2,1,1,27,0,0
attack-pattern--1ff89c1b-7615-4fe8-b9cb-63aaf52e6dee,Ptrace System Calls,attack-pattern,T1631.001,mobile,Android | iOS,mobile-attack,defense-evasion | privilege-escalation,3,1,4,0.0137931034482758,0.0103448275862068,0.0034482758620689,0.0,0.0103448275862068,2,2,1,2,19,0,0
attack-pattern--20b0931a-8952-42ca-975f-775bad295f1a,Impair Defenses,attack-pattern,T1629,mobile,Android,mobile-attack,defense-evasion,10,0,10,0.0344827586206896,0.0344827586206896,0.0,0.0,0.0625243981782693,1,1,1,1,15,0,0
attack-pattern--2204c371-6100-4ae0-82f3-25c07c29772a,Abuse Accessibility Features,attack-pattern,T1453,mobile,Android,mobile-attack,collection | credential-access,6,0,6,0.0206896551724137,0.0206896551724137,0.0,0.0,0.0206896551724137,1,1,1,2,28,0,0
attack-pattern--22379609-a99f-4a01-bd7e-70f3e105859d,Exploitation of Remote Services,attack-pattern,T1428,mobile,Android | iOS,mobile-attack,lateral-movement,3,0,3,0.0103448275862068,0.0103448275862068,0.0,0.0,0.0103448275862068,6,2,1,1,31,0,0
attack-pattern--2282a98b-5049-4f61-9381-55baca7c1add,Web Protocols,attack-pattern,T1437.001,mobile,Android | iOS,mobile-attack,command-and-control,48,1,49,0.1689655172413793,0.1655172413793103,0.0034482758620689,0.0005555422980551,0.1665024630541872,0,2,1,1,13,0,0
attack-pattern--233fe2c0-cb41-4765-b454-e0087597fbce,Steal Application Access Token,attack-pattern,T1635,mobile,Android | iOS,mobile-attack,credential-access,4,0,4,0.0137931034482758,0.0137931034482758,0.0,0.0,0.0137931034482758,1,2,1,1,30,0,0
attack-pattern--24a77e53-0751-46fc-b207-99378fb35c08,User Evasion,attack-pattern,T1628.002,mobile,Android,mobile-attack,defense-evasion,6,1,7,0.0241379310344827,0.0206896551724137,0.0034482758620689,6.365588831881637e-05,0.0220689655172413,4,1,1,1,12,0,0
attack-pattern--27d18e87-8f32-4be1-b456-39b90454360f,Virtualization/Sandbox Evasion,attack-pattern,T1633,mobile,Android | iOS,mobile-attack,defense-evasion,3,0,3,0.0103448275862068,0.0103448275862068,0.0,0.0,0.0355665024630541,1,2,1,1,30,0,0
attack-pattern--28fdd23d-aee3-4afe-bc3f-5f1f52929258,Application Versioning,attack-pattern,T1661,mobile,Android | iOS,mobile-attack,initial-access | defense-evasion,3,0,3,0.0103448275862068,0.0103448275862068,0.0,0.0,0.0103448275862068,1,2,1,2,22,0,0
attack-pattern--29f1f56c-7b7a-4c14-9e39-59577ea2743c,Command and Scripting Interpreter,attack-pattern,T1623,mobile,Android | iOS,mobile-attack,execution,5,0,5,0.0172413793103448,0.0172413793103448,0.0,0.0,0.028735632183908,2,2,1,1,33,0,0
attack-pattern--2aa78dfd-cb6f-4c70-9408-137cfd96be49,Disable or Modify Tools,attack-pattern,T1629.003,mobile,Android,mobile-attack,defense-evasion,17,1,18,0.0620689655172413,0.0586206896551724,0.0034482758620689,0.0002256890585848,0.0588021778584392,1,1,1,1,23,0,0
attack-pattern--2bb20118-e6c0-41dc-a07c-283ea4dd0fb8,Ingress Tool Transfer,attack-pattern,T1544,mobile,Android | iOS,mobile-attack,command-and-control,16,0,16,0.0551724137931034,0.0551724137931034,0.0,0.0,0.0565830721003134,1,2,1,1,21,0,0
attack-pattern--2ccc3d39-9598-4d32-9657-42e1c7095d26,Dynamic Resolution,attack-pattern,T1637,mobile,Android | iOS,mobile-attack,command-and-control,1,0,1,0.0034482758620689,0.0034482758620689,0.0,0.0,0.0095785440613026,1,2,1,1,18,0,0
attack-pattern--2de38279-043e-47e8-aaad-1b07af6d0790,Network Service Scanning,attack-pattern,T1423,mobile,Android | iOS,mobile-attack,discovery,1,0,1,0.0034482758620689,0.0034482758620689,0.0,0.0,0.0045977011494252,2,2,1,1,24,0,0
attack-pattern--32063d7f-0a39-440d-a4a3-2694488f96cc,Exfiltration Over C2 Channel,attack-pattern,T1646,mobile,Android | iOS,mobile-attack,exfiltration,27,0,27,0.093103448275862,0.093103448275862,0.0,0.0,0.0954333643988816,0,2,1,1,28,0,0
attack-pattern--337e1136-a6d3-4465-a5c5-fdc658117747,Accounts,attack-pattern,T1636.005,mobile,Android | iOS,mobile-attack,collection,4,1,5,0.0172413793103448,0.0137931034482758,0.0034482758620689,8.680348407111324e-06,0.014367816091954,1,2,1,1,8,0,0
attack-pattern--351c0927-2fc1-4a2c-ad84-cbbee7eb8172,Exploitation for Privilege Escalation,attack-pattern,T1404,mobile,Android | iOS,mobile-attack,privilege-escalation,22,0,22,0.0758620689655172,0.0758620689655172,0.0,0.0,0.0769704433497537,2,2,1,1,37,0,0
attack-pattern--351ddf79-2d3a-41b4-9bef-82ea5d3ccd69,Call Control,attack-pattern,T1616,mobile,Android,mobile-attack,collection | impact | command-and-control,15,0,15,0.0517241379310344,0.0517241379310344,0.0,0.0,0.0519269776876267,1,1,1,3,12,0,0
attack-pattern--37047267-3e56-453c-833e-d92b68118120,Exfiltration Over Unencrypted Non-C2 Protocol,attack-pattern,T1639.001,mobile,Android | iOS,mobile-attack,exfiltration,2,1,3,0.0103448275862068,0.0068965517241379,0.0034482758620689,0.0,0.0068965517241379,0,2,1,1,45,0,0
attack-pattern--3775a580-a1d1-46c4-8147-c614a715f2e9,Broadcast Receivers,attack-pattern,T1624.001,mobile,Android,mobile-attack,persistence,22,1,23,0.0793103448275862,0.0758620689655172,0.0034482758620689,0.0002430497553991,0.076392572944297,0,1,1,1,19,0,0
attack-pattern--39dd7871-f59b-495f-a9a5-3cb8cc50c9b2,Access Notifications,attack-pattern,T1517,mobile,Android,mobile-attack,collection | credential-access,17,0,17,0.0586206896551724,0.0586206896551724,0.0,0.0,0.0592775041050903,1,1,1,2,20,0,0
attack-pattern--3e091a89-a493-4a6c-8e88-d57be19bb98d,Exfiltration Over Alternative Protocol,attack-pattern,T1639,mobile,Android | iOS,mobile-attack,exfiltration,2,0,2,0.0068965517241379,0.0068965517241379,0.0,0.0,0.0091954022988505,0,2,1,1,38,0,0
attack-pattern--45a5fe76-eda3-4d40-8f22-c186efd6278d,Internet Connection Discovery,attack-pattern,T1422.001,mobile,Android | iOS,mobile-attack,discovery,20,1,21,0.0724137931034482,0.0689655172413793,0.0034482758620689,3.47213936284453e-05,0.0691222570532915,0,2,1,1,29,0,0
attack-pattern--46d818a5-67fa-4585-a7fc-ecf15376c8d5,Boot or Logon Initialization Scripts,attack-pattern,T1398,mobile,Android | iOS,mobile-attack,persistence,8,0,8,0.0275862068965517,0.0275862068965517,0.0,0.0,0.0279310344827586,2,2,1,1,36,0,0
attack-pattern--498e7b81-238d-404c-aa5e-332904d63286,Execution Guardrails,attack-pattern,T1627,mobile,Android | iOS,mobile-attack,defense-evasion,4,0,4,0.0137931034482758,0.0137931034482758,0.0,0.0,0.0183908045977011,1,2,1,1,20,0,0
attack-pattern--4c58b7c6-a839-4789-bda9-9de33e4d4512,GUI Input Capture,attack-pattern,T1417.002,mobile,Android | iOS,mobile-attack,credential-access | collection,30,1,31,0.1068965517241379,0.1034482758620689,0.0034482758620689,0.0002951318458417,0.1035560344827586,1,2,1,2,17,0,0
attack-pattern--4f14e30b-8b57-4a7b-9093-2c0778ea99cf,Compromise Client Software Binary,attack-pattern,T1645,mobile,Android | iOS,mobile-attack,persistence,12,0,12,0.0413793103448275,0.0413793103448275,0.0,0.0,0.0413793103448275,2,2,1,1,33,0,0
attack-pattern--51636761-2e35-44bf-9e56-e337adf97174,Software Packing,attack-pattern,T1406.002,mobile,iOS | Android,mobile-attack,defense-evasion,5,1,6,0.0206896551724137,0.0172413793103448,0.0034482758620689,0.0,0.0172413793103448,1,2,1,1,16,0,0
attack-pattern--52eff1c7-dd30-4121-b762-24ae6fa61bbb,Native API,attack-pattern,T1575,mobile,Android,mobile-attack,defense-evasion | execution,10,0,10,0.0344827586206896,0.0344827586206896,0.0,0.0,0.0354679802955665,2,1,1,2,10,0,0
attack-pattern--5abfc5e6-3c56-49e7-ad72-502d01acf28b,Exploitation for Client Execution,attack-pattern,T1658,mobile,Android | iOS,mobile-attack,execution,5,0,5,0.0172413793103448,0.0172413793103448,0.0,0.0,0.0177339901477832,2,2,1,1,33,0,0
attack-pattern--5ca3c7ec-55b2-4587-9376-cf6c96f8047a,Proxy Through Victim,attack-pattern,T1604,mobile,Android,mobile-attack,defense-evasion,2,0,2,0.0068965517241379,0.0068965517241379,0.0,0.0,0.0068965517241379,1,1,1,1,20,0,0
attack-pattern--648f8051-1a35-46d3-b1d8-3a3f5cf2cc8e,Foreground Persistence,attack-pattern,T1541,mobile,Android,mobile-attack,defense-evasion | persistence,6,0,6,0.0206896551724137,0.0206896551724137,0.0,0.0,0.0206896551724137,1,1,1,2,22,0,0
attack-pattern--667e5707-3843-4da8-bd34-88b922526f0d,Replication Through Removable Media,attack-pattern,T1458,mobile,Android | iOS,mobile-attack,initial-access | lateral-movement,7,0,7,0.0241379310344827,0.0241379310344827,0.0,0.0,0.0241379310344827,1,2,1,2,35,0,0
attack-pattern--6683aa0c-d98a-4f5b-ac57-ca7e9934a760,Audio Capture,attack-pattern,T1429,mobile,Android | iOS,mobile-attack,collection,54,0,54,0.1862068965517241,0.1862068965517241,0.0,0.0,0.1886916835699797,0,2,1,1,13,0,0
attack-pattern--670a4d75-103b-4b14-8a9e-4652fa795edd,Hijack Execution Flow,attack-pattern,T1625,mobile,Android,mobile-attack,persistence,4,0,4,0.0137931034482758,0.0137931034482758,0.0,0.0,0.0168965517241379,2,1,1,1,21,0,0
attack-pattern--693cdbff-ea73-49c6-ac3f-91e7285c31d1,Unix Shell,attack-pattern,T1623.001,mobile,Android | iOS,mobile-attack,execution,9,1,10,0.0344827586206896,0.0310344827586206,0.0034482758620689,6.94427872568906e-05,0.0320954907161803,2,2,1,1,10,0,0
attack-pattern--6a3f6490-9c44-40de-b059-e5940f246673,Application Layer Protocol,attack-pattern,T1437,mobile,Android | iOS,mobile-attack,command-and-control,6,0,6,0.0206896551724137,0.0206896551724137,0.0,0.0,0.1017543859649122,2,2,1,1,26,0,0
attack-pattern--6c49d50f-494d-4150-b774-a655022d20a6,Download New Code at Runtime,attack-pattern,T1407,mobile,Android | iOS,mobile-attack,defense-evasion,40,0,40,0.1379310344827586,0.1379310344827586,0.0,0.0,0.1382445141065831,2,2,1,1,28,0,0
attack-pattern--6ecbc2eb-e85a-440a-ab68-4d98f8d56fbe,Exploitation for Initial Access,attack-pattern,T1664,mobile,Android | iOS,mobile-attack,initial-access,4,0,4,0.0137931034482758,0.0137931034482758,0.0,0.0,0.0137931034482758,2,2,1,1,31,0,0
attack-pattern--6ffad4be-bfe0-424f-abde-4d9a84a800ad,System Checks,attack-pattern,T1633.001,mobile,Android | iOS,mobile-attack,defense-evasion,16,1,17,0.0586206896551724,0.0551724137931034,0.0034482758620689,0.0001736069681422,0.0551724137931034,1,2,1,1,13,0,0
attack-pattern--702055ac-4e54-4ae9-9527-e23a38e0b160,Stored Application Data,attack-pattern,T1409,mobile,Android | iOS,mobile-attack,collection,32,0,32,0.1103448275862069,0.1103448275862069,0.0,0.0,0.1131661442006269,3,2,1,1,23,0,0
attack-pattern--73c26732-6422-4081-8b63-6d0ae93d449e,Screen Capture,attack-pattern,T1513,mobile,Android,mobile-attack,collection,29,0,29,0.1,0.1,0.0,0.0,0.1014911463187325,1,1,1,1,14,0,0
attack-pattern--74e6003f-c7f4-4047-983b-708cc19b96b6,Transmitted Data Manipulation,attack-pattern,T1641.001,mobile,Android,mobile-attack,impact,3,1,4,0.0137931034482758,0.0103448275862068,0.0034482758620689,0.0,0.0103448275862068,1,1,1,1,29,0,0
attack-pattern--7827ced0-95e7-4d05-bdcf-0d8f2d37a3d3,Compromise Software Dependencies and Development Tools,attack-pattern,T1474.001,mobile,Android | iOS,mobile-attack,initial-access,2,1,3,0.0103448275862068,0.0068965517241379,0.0034482758620689,3.47213936284453e-05,0.0068965517241379,3,2,1,1,54,0,0
attack-pattern--789ef15a-34d9-4b32-a779-8cbbc9eb32f5,URI Hijacking,attack-pattern,T1635.001,mobile,Android | iOS,mobile-attack,credential-access,3,1,4,0.0137931034482758,0.0103448275862068,0.0034482758620689,0.0,0.0103448275862068,1,2,1,1,13,0,0
attack-pattern--79cb02f4-ac4e-4335-8b51-425c9573cce1,Subvert Trust Controls,attack-pattern,T1632,mobile,Android | iOS,mobile-attack,defense-evasion,4,0,4,0.0137931034482758,0.0137931034482758,0.0,0.0,0.0270344827586206,1,2,1,1,22,0,0
attack-pattern--8605a0ec-b44a-4e98-a7fc-87d4bd3acb66,Keychain,attack-pattern,T1634.001,mobile,iOS,mobile-attack,credential-access,7,1,8,0.0275862068965517,0.0241379310344827,0.0034482758620689,0.0,0.0245210727969348,2,1,1,1,8,0,0
attack-pattern--8e097ec5-1755-41d6-807c-3882442b818a,Virtualization Solution,attack-pattern,T1670,mobile,Android,mobile-attack,defense-evasion,3,0,3,0.0103448275862068,0.0103448275862068,0.0,0.0,0.0103448275862068,1,1,1,1,23,0,0
attack-pattern--939808a7-121d-467a-b028-4441ee8b7cee,Bidirectional Communication,attack-pattern,T1481.002,mobile,Android | iOS,mobile-attack,command-and-control,3,1,4,0.0137931034482758,0.0103448275862068,0.0034482758620689,3.47213936284453e-05,0.0103448275862068,0,2,1,1,27,0,0
attack-pattern--948a447c-d783-4ba0-8516-a64140fcacd5,Non-Standard Port,attack-pattern,T1509,mobile,Android | iOS,mobile-attack,command-and-control,8,0,8,0.0275862068965517,0.0275862068965517,0.0,0.0,0.0279310344827586,1,2,1,1,17,0,0
attack-pattern--9558a84e-2d5e-4872-918e-d847494a8ffc,Compromise Software Supply Chain,attack-pattern,T1474.003,mobile,Android | iOS,mobile-attack,initial-access,7,1,8,0.0275862068965517,0.0241379310344827,0.0034482758620689,6.94427872568906e-05,0.0245210727969348,2,2,1,1,32,0,0
attack-pattern--986f80f7-ff0e-4f48-87bd-0394814bbce5,Dead Drop Resolver,attack-pattern,T1481.001,mobile,Android | iOS,mobile-attack,command-and-control,5,1,6,0.0206896551724137,0.0172413793103448,0.0034482758620689,6.94427872568906e-05,0.0172413793103448,0,2,1,1,18,0,0
attack-pattern--99e6295e-741b-4857-b6e5-64989eb039b4,Location Tracking,attack-pattern,T1430,mobile,Android | iOS,mobile-attack,collection | discovery,64,0,64,0.2206896551724138,0.2206896551724138,0.0,0.0,0.2247947454844006,0,2,1,2,17,0,0
attack-pattern--9c049d7b-c92a-4733-9381-27e2bd2ccadc,Device Administrator Permissions,attack-pattern,T1626.001,mobile,Android,mobile-attack,privilege-escalation,10,1,11,0.0379310344827586,0.0344827586206896,0.0034482758620689,6.94427872568906e-05,0.0347701149425287,1,1,1,1,32,0,0
attack-pattern--9ef05e3d-52db-4c12-be4f-519214bbe91f,Remote Device Management Services,attack-pattern,T1430.001,mobile,Android | iOS,mobile-attack,collection | discovery,2,1,3,0.0103448275862068,0.0068965517241379,0.0034482758620689,0.0,0.0068965517241379,1,2,1,2,33,0,0
attack-pattern--9ef14445-6f35-4ed0-a042-5024f13a9242,Data Destruction,attack-pattern,T1662,mobile,Android,mobile-attack,impact,4,0,4,0.0137931034482758,0.0137931034482758,0.0,0.0,0.014367816091954,0,1,1,1,16,0,0
attack-pattern--a126c117-54e4-4b93-9e4f-72cc964e6760,Linked Devices,attack-pattern,T1676,mobile,Android | iOS,mobile-attack,collection | persistence,3,0,3,0.0103448275862068,0.0103448275862068,0.0,0.0,0.0103448275862068,3,2,1,2,14,0,0
attack-pattern--a64a820a-cb21-471f-920c-506a2ff04fa5,SIM Card Swap,attack-pattern,T1451,mobile,Android | iOS,mobile-attack,initial-access,4,0,4,0.0137931034482758,0.0137931034482758,0.0,0.0,0.0137931034482758,1,2,1,1,13,0,0
attack-pattern--a8c31121-852b-46bd-9ba4-674ae5afe7ad,Input Capture,attack-pattern,T1417,mobile,Android | iOS,mobile-attack,collection | credential-access,8,0,8,0.0275862068965517,0.0275862068965517,0.0,0.0,0.0807071147970318,1,2,1,2,13,0,0
attack-pattern--a8e971b8-8dc7-4514-8249-ae95427ec467,Generate Traffic from Victim,attack-pattern,T1643,mobile,Android | iOS,mobile-attack,impact,17,0,17,0.0586206896551724,0.0586206896551724,0.0,0.0,0.0586206896551724,2,2,1,1,28,0,0
attack-pattern--a91262d5-b9ff-463f-b8d2-12e4ea1eb3c9,Disguise Root/Jailbreak Indicators,attack-pattern,T1630.003,mobile,Android | iOS,mobile-attack,defense-evasion,0,1,1,0.0034482758620689,0.0,0.0034482758620689,0.0,0.0,1,2,1,1,34,0,0
attack-pattern--a9fa0d30-a8ff-45bf-922e-7720da0b7922,Calendar Entries,attack-pattern,T1636.001,mobile,Android | iOS,mobile-attack,collection,7,1,8,0.0275862068965517,0.0241379310344827,0.0034482758620689,3.1827944159408186e-05,0.0245210727969348,0,2,1,1,16,0,0
attack-pattern--ab7400b7-3476-4776-9545-ef3fa373de63,File Deletion,attack-pattern,T1630.002,mobile,Android,mobile-attack,defense-evasion,20,1,21,0.0724137931034482,0.0689655172413793,0.0034482758620689,0.0002777711490275,0.070935960591133,0,1,1,1,13,0,0
attack-pattern--acf8fd2a-dc98-43b4-8d37-64e10728e591,Device Lockout,attack-pattern,T1629.002,mobile,Android,mobile-attack,defense-evasion,4,1,5,0.0172413793103448,0.0137931034482758,0.0034482758620689,1.736069681422265e-05,0.0137931034482758,7,1,1,1,14,0,0
attack-pattern--b1c95426-2550-4621-8028-ceebf28b3a47,Keylogging,attack-pattern,T1417.001,mobile,Android | iOS,mobile-attack,collection | credential-access,19,1,20,0.0689655172413793,0.0655172413793103,0.0034482758620689,0.000156246271328,0.0655172413793103,1,2,1,2,10,0,0
attack-pattern--b327a9c0-e709-495c-aa6e-00b042136e2b,SMS Control,attack-pattern,T1582,mobile,Android,mobile-attack,impact,33,0,33,0.1137931034482758,0.1137931034482758,0.0,0.0,0.114165890027959,1,1,1,1,11,0,0
attack-pattern--b7c0e45f-0206-4f75-96e7-fe7edad3aaff,Process Injection,attack-pattern,T1631,mobile,Android | iOS,mobile-attack,defense-evasion | privilege-escalation,3,0,3,0.0103448275862068,0.0103448275862068,0.0,0.0,0.0153605015673981,2,2,1,2,17,0,0
attack-pattern--bb4387ab-7a51-468b-bf5f-a9a8612f0303,Symmetric Cryptography,attack-pattern,T1521.001,mobile,Android | iOS,mobile-attack,command-and-control,7,1,8,0.0275862068965517,0.0241379310344827,0.0034482758620689,3.47213936284453e-05,0.0241379310344827,4,2,1,1,22,0,0
attack-pattern--be63612f-a48f-44f2-a7a6-1763509fcf80,Wi-Fi Discovery,attack-pattern,T1422.002,mobile,Android | iOS,mobile-attack,discovery,11,1,12,0.0413793103448275,0.0379310344827586,0.0034482758620689,0.0,0.0388505747126436,0,2,1,1,15,0,0
attack-pattern--c08366bb-8d11-4921-853f-f0a3b6a2a1da,Compromise Hardware Supply Chain,attack-pattern,T1474.002,mobile,Android | iOS,mobile-attack,initial-access,1,1,2,0.0068965517241379,0.0034482758620689,0.0034482758620689,0.0,0.0034482758620689,2,2,1,1,32,0,0
attack-pattern--c4b96c0b-cb58-497a-a1c2-bb447d79d692,Clipboard Data,attack-pattern,T1414,mobile,Android | iOS,mobile-attack,collection | credential-access,6,0,6,0.0206896551724137,0.0206896551724137,0.0,0.0,0.0211206896551724,3,2,1,2,14,0,0
attack-pattern--c548d8c4-a0a3-4a24-bb79-2a84abbc7b36,Data Manipulation,attack-pattern,T1641,mobile,Android,mobile-attack,impact,2,0,2,0.0068965517241379,0.0068965517241379,0.0,0.0,0.0091954022988505,1,1,1,1,17,0,0
attack-pattern--c6421411-ae61-42bb-9098-73fddb315002,SMS Messages,attack-pattern,T1636.004,mobile,Android | iOS,mobile-attack,collection,73,1,74,0.2551724137931034,0.2517241379310345,0.0034482758620689,0.0004629519150459,0.253184584178499,0,2,1,1,12,0,0
attack-pattern--c6a146ae-9c63-4606-97ff-e261e76e8380,Web Service,attack-pattern,T1481,mobile,Android | iOS,mobile-attack,command-and-control,4,0,4,0.0137931034482758,0.0137931034482758,0.0,0.0,0.0248275862068965,0,2,1,1,11,0,0
attack-pattern--c6e17ca2-08b5-4379-9786-89bd05241831,System Runtime API Hijacking,attack-pattern,T1625.001,mobile,Android,mobile-attack,persistence,5,1,6,0.0206896551724137,0.0172413793103448,0.0034482758620689,6.94427872568906e-05,0.0172413793103448,2,1,1,1,28,0,0
attack-pattern--cc6e0637-76d2-4af3-a604-9d8d3ff8a6b3,Credentials from Password Store,attack-pattern,T1634,mobile,iOS,mobile-attack,credential-access,4,0,4,0.0137931034482758,0.0137931034482758,0.0,0.0,0.0186206896551724,2,1,1,1,31,0,0
attack-pattern--ccde43e4-78f9-4f32-b401-c081e7db71ea,Hooking,attack-pattern,T1617,mobile,Android,mobile-attack,defense-evasion,5,0,5,0.0172413793103448,0.0172413793103448,0.0,0.0,0.0172413793103448,2,1,1,1,7,0,0
attack-pattern--cf28ca46-1fd3-46b4-b1f6-ec0b72361848,File and Directory Discovery,attack-pattern,T1420,mobile,Android | iOS,mobile-attack,discovery,19,0,19,0.0655172413793103,0.0655172413793103,0.0,0.0,0.0661169415292353,0,2,1,1,28,0,0
attack-pattern--d13fa042-8f26-44e1-a2a8-af0bf8e2ac9a,Obfuscated Files or Information,attack-pattern,T1406,mobile,Android | iOS,mobile-attack,defense-evasion,48,0,48,0.1655172413793103,0.1655172413793103,0.0,0.0,0.1689655172413793,2,2,1,1,31,0,0
attack-pattern--d1f1337e-aea7-454c-86bd-482a98ffaf62,Input Injection,attack-pattern,T1516,mobile,Android,mobile-attack,defense-evasion | impact,15,0,15,0.0517241379310344,0.0517241379310344,0.0,0.0,0.0517241379310344,1,1,1,2,15,0,0
attack-pattern--d2e112dc-f6d4-488d-b8df-ecbfb57a0a2d,Network Denial of Service,attack-pattern,T1464,mobile,Android | iOS,mobile-attack,impact,1,0,1,0.0034482758620689,0.0034482758620689,0.0,0.0,0.0034482758620689,1,2,1,1,25,0,0
attack-pattern--d3bc5020-f6a2-41c0-8ccb-5e563101b60c,Compromise Application Executable,attack-pattern,T1577,mobile,Android,mobile-attack,persistence,5,0,5,0.0172413793103448,0.0172413793103448,0.0,0.0,0.0172413793103448,2,1,1,1,33,0,0
attack-pattern--d446b9f0-06a9-4a8d-97ee-298cfee84f14,Event Triggered Execution,attack-pattern,T1624,mobile,Android,mobile-attack,persistence,4,0,4,0.0137931034482758,0.0137931034482758,0.0,0.0,0.048342175066313,1,1,1,1,25,0,0
attack-pattern--d4536441-1bcc-49fa-80ae-a596ed3f7ffd,System Network Configuration Discovery,attack-pattern,T1422,mobile,Android | iOS,mobile-attack,discovery,50,0,50,0.1724137931034483,0.1724137931034483,0.0,0.0,0.1729679802955665,0,2,1,1,38,0,0
attack-pattern--d8940e76-f9c1-4912-bea6-e21c251370b6,Video Capture,attack-pattern,T1512,mobile,Android | iOS,mobile-attack,collection,40,0,40,0.1379310344827586,0.1379310344827586,0.0,0.0,0.1410600255427841,0,2,1,1,13,0,0
attack-pattern--d916f176-a1ca-4a78-9fdd-4058bc28162e,One-Way Communication,attack-pattern,T1481.003,mobile,Android | iOS,mobile-attack,command-and-control,1,1,2,0.0068965517241379,0.0034482758620689,0.0034482758620689,0.0,0.0034482758620689,0,2,1,1,21,0,0
attack-pattern--d9e88203-2b5d-405f-a406-2933b1e3d7e4,Data Encrypted for Impact,attack-pattern,T1471,mobile,Android,mobile-attack,impact,3,0,3,0.0103448275862068,0.0103448275862068,0.0,0.0,0.0103448275862068,1,1,1,1,25,0,0
attack-pattern--dc01774a-d1c1-45fb-b506-0a5d1d6593d9,Prevent Application Removal,attack-pattern,T1629.001,mobile,Android,mobile-attack,defense-evasion,11,1,12,0.0413793103448275,0.0379310344827586,0.0034482758620689,6.94427872568906e-05,0.0379310344827586,1,1,1,1,27,0,0
attack-pattern--dd818ea5-adf5-41c7-93b5-f3b839a219fb,System Network Connections Discovery,attack-pattern,T1421,mobile,Android,mobile-attack,discovery,9,0,9,0.0310344827586206,0.0310344827586206,0.0,0.0,0.0320954907161803,0,1,1,1,36,0,0
attack-pattern--defc1257-4db1-4fb3-8ef5-bb77f63146df,Phishing,attack-pattern,T1660,mobile,Android | iOS,mobile-attack,initial-access,16,0,16,0.0551724137931034,0.0551724137931034,0.0,0.0,0.0553639846743295,1,2,1,1,8,0,0
attack-pattern--dfafc230-5465-4993-8dc5-f51fa9fec002,SSL Pinning,attack-pattern,T1521.003,mobile,Android | iOS,mobile-attack,command-and-control,3,1,4,0.0137931034482758,0.0103448275862068,0.0034482758620689,3.47213936284453e-05,0.0103448275862068,4,2,1,1,11,0,0
attack-pattern--dfe29258-ce59-421c-9dee-e85cb9fa90cd,Lockscreen Bypass,attack-pattern,T1461,mobile,Android | iOS,mobile-attack,initial-access,5,0,5,0.0172413793103448,0.0172413793103448,0.0,0.0,0.0172413793103448,1,2,1,1,17,0,0
attack-pattern--e0b9ecb8-a7d1-43c7-aa30-8e19c6a92c86,Contact List,attack-pattern,T1636.003,mobile,Android | iOS,mobile-attack,collection,56,1,57,0.196551724137931,0.193103448275862,0.0034482758620689,0.0002965785705763,0.1955172413793103,0,2,1,1,12,0,0
attack-pattern--e1c912a9-e305-434b-9172-8a6ce3ec9c4a,Data from Local System,attack-pattern,T1533,mobile,Android | iOS,mobile-attack,collection,53,0,53,0.1827586206896551,0.1827586206896551,0.0,0.0,0.1846684350132625,0,2,1,1,22,0,0
attack-pattern--e2c2249a-eb82-4614-8dd4-9c514dde65e2,Account Access Removal,attack-pattern,T1640,mobile,Android,mobile-attack,impact,2,0,2,0.0068965517241379,0.0068965517241379,0.0,0.0,0.0068965517241379,0,1,1,1,22,0,0
attack-pattern--e2ea7f6b-8d4f-49c3-819d-660530d12b77,System Information Discovery,attack-pattern,T1426,mobile,Android | iOS,mobile-attack,discovery,56,0,56,0.193103448275862,0.193103448275862,0.0,0.0,0.1949290060851927,0,2,1,1,28,0,0
attack-pattern--e3b936a4-6321-4172-9114-038a866362ec,Archive Collected Data,attack-pattern,T1532,mobile,Android | iOS,mobile-attack,collection,14,0,14,0.0482758620689655,0.0482758620689655,0.0,0.0,0.051867816091954,0,2,1,1,22,0,0
attack-pattern--e422b6fa-4739-46b9-992e-82f1b350c780,Geofencing,attack-pattern,T1627.001,mobile,Android | iOS,mobile-attack,defense-evasion,5,1,6,0.0206896551724137,0.0172413793103448,0.0034482758620689,0.0,0.0172413793103448,1,2,1,1,10,0,0
attack-pattern--ea132c68-b518-4478-ae8d-1763cda26ee3,Conceal Multimedia Files,attack-pattern,T1628.003,mobile,Android,mobile-attack,defense-evasion,2,1,3,0.0103448275862068,0.0068965517241379,0.0034482758620689,0.0,0.0068965517241379,4,1,1,1,24,0,0
attack-pattern--eb6cf439-1bcb-4d10-bc68-1eed844ed7b3,Endpoint Denial of Service,attack-pattern,T1642,mobile,Android | iOS,mobile-attack,impact,7,0,7,0.0241379310344827,0.0241379310344827,0.0,0.0,0.0245210727969348,1,2,1,1,26,0,0
attack-pattern--ec4c4baa-026f-43e8-8f56-58c36f3162dd,Out of Band Data,attack-pattern,T1644,mobile,Android | iOS,mobile-attack,command-and-control,19,0,19,0.0655172413793103,0.0655172413793103,0.0,0.0,0.0661169415292353,3,2,1,1,16,0,0
attack-pattern--ed2c05a1-4f81-4d97-9e1b-aff01c34ae84,Encrypted Channel,attack-pattern,T1521,mobile,Android | iOS,mobile-attack,command-and-control,5,0,5,0.0172413793103448,0.0172413793103448,0.0,0.0,0.0383141762452107,4,2,1,1,17,0,0
attack-pattern--f05fc151-aa62-47e3-ae57-2d1b23d64bf6,Suppress Application Icon,attack-pattern,T1628.001,mobile,Android,mobile-attack,defense-evasion,23,1,24,0.0827586206896551,0.0793103448275862,0.0034482758620689,0.0004224436224794,0.0794482758620689,1,1,1,1,25,0,0
attack-pattern--f856eaab-e84a-4265-a8a2-7bf37e5dc2fc,Masquerading,attack-pattern,T1655,mobile,Android | iOS,mobile-attack,defense-evasion,5,0,5,0.0172413793103448,0.0172413793103448,0.0,0.0,0.0939735739606832,1,2,1,1,12,0,0
attack-pattern--fa801609-ca8e-415e-815e-65f3826ff4df,Steganography,attack-pattern,T1406.001,mobile,Android,mobile-attack,defense-evasion,1,1,2,0.0068965517241379,0.0034482758620689,0.0034482758620689,3.47213936284453e-05,0.0034482758620689,2,1,1,1,13,0,0
attack-pattern--fc53309d-ebd5-4573-9242-57024ebdad4f,Hide Artifacts,attack-pattern,T1628,mobile,Android,mobile-attack,defense-evasion,3,0,3,0.0103448275862068,0.0103448275862068,0.0,0.0,0.0594956253216675,4,1,1,1,14,0,0
attack-pattern--fcb11f06-ce0e-490b-bcc1-04a1623579f0,Code Signing Policy Modification,attack-pattern,T1632.001,mobile,Android | iOS,mobile-attack,defense-evasion,12,1,13,0.0448275862068965,0.0413793103448275,0.0034482758620689,0.0001388855745137,0.0416256157635468,1,2,1,1,32,0,0
attack-pattern--fd211238-f767-4599-8c0d-9dca36624626,Domain Generation Algorithms,attack-pattern,T1637.001,mobile,Android | iOS,mobile-attack,command-and-control,4,1,5,0.0172413793103448,0.0137931034482758,0.0034482758620689,0.0,0.0137931034482758,1,2,1,1,28,0,0
attack-pattern--fd339382-bfec-4bf0-8d47-1caedc9e7e57,Drive-By Compromise,attack-pattern,T1456,mobile,Android | iOS,mobile-attack,initial-access,7,0,7,0.0241379310344827,0.0241379310344827,0.0,0.0,0.0245210727969348,2,2,1,1,19,0,0
campaign--d0695b5f-b761-49e0-b3e3-2e5307f8def3,Operation Triangulation,campaign,C0054,mobile,,mobile-attack,,0,22,22,0.0758620689655172,0.0,0.0758620689655172,0.0,0.0,2,0,1,0,23,0,1
campaign--a82bc5ad-5f95-4c6a-9f25-aaf6f476a3c4,C0033,campaign,C0033,mobile,,mobile-attack | enterprise-attack,,0,20,20,0.0689655172413793,0.0,0.0689655172413793,0.0,0.0,0,0,2,0,5,0,1
intrusion-set--049cef3b-22d5-4be6-b50c-9839c7a34fdd,Bouncing Golf,intrusion-set,G0097,mobile,,mobile-attack,,0,2,2,0.0068965517241379,0.0,0.0068965517241379,0.0,0.0,0,0,1,0,13,0,3
intrusion-set--afec6dc3-a18e-4b62-b1a4-5510e1a498d1,Windshift,intrusion-set,G0112,mobile,,enterprise-attack | mobile-attack,,0,16,16,0.0551724137931034,0.0,0.0551724137931034,0.0,0.0,4,0,2,0,9,0,3
intrusion-set--44d37b89-a739-4810-9111-0d2617a8939b,Scattered Spider,intrusion-set,G1015,mobile,,enterprise-attack | mobile-attack,,0,2,2,0.0068965517241379,0.0,0.0068965517241379,0.0,0.0,1,0,2,0,16,0,3
intrusion-set--8332952e-b86b-486b-acc3-1c2a85d39394,APT-C-23,intrusion-set,G1028,mobile,,mobile-attack | enterprise-attack,,0,7,7,0.0241379310344827,0.0,0.0241379310344827,0.0,0.0,0,0,2,0,8,0,3
intrusion-set--8a831aaa-f3e0-47a3-bed8-a9ced744dd12,Dark Caracal,intrusion-set,G0070,mobile,,enterprise-attack | mobile-attack,,0,3,3,0.0103448275862068,0.0,0.0103448275862068,0.0,0.0,0,0,2,0,12,0,3
intrusion-set--381fcf73-60f6-4ab2-9991-6af3cbc35192,Sandworm Team,intrusion-set,G0034,mobile,,enterprise-attack | ics-attack | mobile-attack,,0,4,4,0.0137931034482758,0.0,0.0137931034482758,0.0,0.0,3,0,3,0,13,0,3
intrusion-set--bef4c620-0787-42a8-a96d-b7eb6e85917c,APT28,intrusion-set,G0007,mobile,,enterprise-attack | mobile-attack,,0,1,1,0.0034482758620689,0.0,0.0034482758620689,0.0,0.0,0,0,2,0,5,0,3
intrusion-set--7f848c02-4d1e-4808-a4ae-4670681370a9,BITTER,intrusion-set,G1002,mobile,,enterprise-attack | mobile-attack,,0,1,1,0.0034482758620689,0.0,0.0034482758620689,0.0,0.0,1,0,2,0,6,0,3
campaign--4603cf2f-06d0-4970-9c5d-5071b08c817f,Operation Dust Storm,campaign,C0016,mobile,,enterprise-attack | mobile-attack,,0,4,4,0.0137931034482758,0.0,0.0137931034482758,0.0,0.0,0,0,2,0,20,0,1
intrusion-set--cc613a49-9bfa-4e22-98d1-15ffbb03f034,Earth Lusca,intrusion-set,G1006,mobile,,enterprise-attack | mobile-attack,,0,0,0,0.0,0.0,0.0,0.0,0.0,20,0,2,0,11,0,3
intrusion-set--18854f55-ac7c-4634-bd9a-352dd07613b7,APT41,intrusion-set,G0096,mobile,,enterprise-attack | mobile-attack,,0,1,1,0.0034482758620689,0.0,0.0034482758620689,0.0,0.0,2,0,2,0,5,0,3
intrusion-set--9b36c218-4d80-4ec6-a68d-cc2886bbe410,Star Blizzard,intrusion-set,G1033,mobile,,enterprise-attack | mobile-attack,,0,1,1,0.0034482758620689,0.0,0.0034482758620689,0.0,0.0,3,0,2,0,13,0,3
intrusion-set--6eded342-33e5-4451-b6b2-e1c62863129f,Confucius,intrusion-set,G0142,mobile,,enterprise-attack | mobile-attack,,0,2,2,0.0068965517241379,0.0,0.0068965517241379,0.0,0.0,0,0,2,0,9,0,3
intrusion-set--1f322d74-4822-4d60-8f64-414eea8a9258,UNC788,intrusion-set,G1029,mobile,,mobile-attack,,0,2,2,0.0068965517241379,0.0,0.0068965517241379,0.0,0.0,3,0,1,0,6,0,3
intrusion-set--7251b44b-6072-476c-b8d9-a6e32c355b28,MoustachedBouncer,intrusion-set,G1019,mobile,,enterprise-attack | mobile-attack,,0,1,1,0.0034482758620689,0.0,0.0034482758620689,0.0,0.0,0,0,2,0,17,0,3
intrusion-set--269e8108-68c6-4f99-b911-14b2e765dec2,MuddyWater,intrusion-set,G0069,mobile,,enterprise-attack | mobile-attack,,0,1,1,0.0034482758620689,0.0,0.0034482758620689,0.0,0.0,0,0,2,0,10,0,3
intrusion-set--d8bc9788-4f7d-41a9-9e9d-ee1ea18a8cf7,LAPSUS$,intrusion-set,G1004,mobile,,enterprise-attack | mobile-attack,,0,1,1,0.0034482758620689,0.0,0.0034482758620689,0.0,0.0,1,0,2,0,7,0,3
intrusion-set--efed95ba-d7e8-47ff-8c53-99c42426ee7c,PROMETHIUM,intrusion-set,G0056,mobile,,mobile-attack,,0,0,0,0.0,0.0,0.0,0.0,0.0,21,0,1,0,10,0,3
